"number","name","earnings","gold","silver","bronze","s-tier"
1,"Faker","$1,498,711",18,9,3,16
2,"Duke","$1,151,427",10,2,5,8
3,"Bang","$1,057,318",9,5,2,9
4,"Wolf","$1,053,271",9,7,1,9
5,"Bengi","$926,920",9,1,3,8
6,"JackeyLove","$841,011",10,3,2,5
7,"Rookie","$735,323",7,4,6,4
8,"CoreJJ","$716,738",8,7,2,3
9,"Ning","$696,766",5,3,4,3
10,"Baolan","$684,271",6,3,4,3
11,"TheShy","$682,222",5,3,3,3
12,"Xiaohu","$680,083",12,4,0,8
13,"Ruler","$664,007",6,6,3,1
14,"Blank","$655,613",5,5,2,5
15,"Karsa","$624,814",13,3,1,10
16,"Ambition","$596,773",8,6,3,2
17,"Uzi","$595,528",7,6,1,4
18,"Mata","$585,456",9,6,5,7
19,"Perkz","$583,204",13,6,3,12
20,"Caps","$562,862",11,3,4,9
21,"CuVee","$562,064",5,3,1,1
22,"Crown","$554,863",5,3,2,1
23,"Meiko","$548,639",12,3,3,8
24,"Impact","$539,675",11,5,4,8
25,"Peanut","$531,539",5,12,1,4
26,"Mlxg","$510,811",8,3,0,6
27,"Ming","$506,509",11,3,0,6
28,"Clearlove","$485,773",11,3,2,9
29,"Scout","$476,082",9,2,3,7
30,"Rekkles","$475,412",9,11,6,5
31,"Jankos","$475,177",8,3,4,7
32,"PawN","$448,344",8,4,5,5
33,"sOAZ","$446,848",12,11,2,6
34,"Khan","$444,323",8,7,1,7
35,"Deft","$442,594",8,9,5,6
36,"Letme","$428,568",7,2,0,5
37,"Doinb","$401,782",3,8,5,3
38,"Wunder","$401,741",10,3,1,7
39,"Haru","$397,728",4,0,1,2
40,"PraY","$394,085",5,8,1,4
41,"Hylissang","$389,692",6,11,3,4
42,"Huni","$380,708",5,5,5,4
43,"Jensen","$376,739",9,7,1,3
44,"Looper","$357,390",3,2,2,2
45,"GorillA","$356,840",4,10,1,3
46,"Crisp","$354,755",2,4,2,2
46,"Lwx","$354,755",2,5,2,2
48,"Broxah","$353,940",6,3,4,4
49,"Bwipo","$351,055",5,5,1,4
50,"Tian","$348,885",3,5,2,2
51,"ShowMaker","$347,609",8,2,1,5
52,"Canyon","$344,963",7,2,1,5
53,"BeryL","$337,477",8,2,1,5
54,"SwordArT","$333,989",9,2,6,6
55,"Doublelift","$333,438",10,9,2,9
56,"Imp","$329,670",4,4,5,3
57,"Smeb","$312,308",4,7,3,2
58,"Ghost","$307,025",5,2,1,4
59,"Sneaky","$303,345",10,7,0,3
60,"Mikyx","$295,496",7,2,1,6
61,"Zven","$295,293",8,11,2,5
62,"Kuro","$292,392",2,6,3,1
63,"Easyhoon","$292,021",4,1,0,3
64,"Xmithie","$283,599",6,6,2,6
65,"Svenskeren","$280,214",5,6,2,4
66,"Bdd","$273,033",3,6,2,2
67,"DanDy","$271,874",3,2,3,2
68,"MaRin","$264,796",3,1,1,3
69,"Nuguri","$262,341",5,2,1,3
70,"Piglet","$261,128",4,1,4,3
71,"Maple","$259,725",10,2,4,6
72,"Viper","$257,895",5,3,2,3
73,"PoohManDu","$252,967",4,0,2,3
74,"GimGoon","$252,048",2,1,3,2
75,"Clid","$250,619",5,2,4,3
76,"Bjergsen","$246,259",9,9,1,7
77,"Mouse","$245,036",5,2,2,5
78,"mithy","$243,179",8,11,1,4
79,"knight","$220,609",4,5,1,2
80,"Zero","$218,370",2,2,1,2
81,"Flandre","$218,145",2,1,2,2
82,"BeBe","$216,657",1,1,3,1
83,"xiye","$216,064",4,3,1,2
84,"369","$214,594",3,4,1,2
85,"LokeN","$207,782",4,5,4,1
86,"Cuzz","$206,626",4,4,1,4
87,"Mystic","$204,301",4,2,2,2
88,"Toyz","$202,560",1,2,1,1
89,"MiSTakE","$202,160",1,1,1,1
89,"Lilballz","$202,160",1,1,1,1
89,"Stanley","$202,160",1,1,1,1
92,"Score","$198,131",5,9,5,2
93,"Korol","$194,554",4,2,3,4
94,"Rascal","$194,276",3,4,3,2
95,"Betty","$194,014",7,0,4,6
96,"Ben","$193,705",3,2,2,1
97,"Blaber","$193,038",5,3,1,2
98,"Jiejie","$191,196",2,1,3,2
99,"iBoy","$190,136",5,1,1,2
100,"Yagao","$188,058",2,3,4,1
100,"LvMao","$188,058",2,3,4,1
100,"Zoom","$188,058",3,3,4,1
103,"Ryu","$187,402",3,3,6,2
104,"Condi","$184,048",3,1,1,2
105,"Trick","$182,178",4,3,2,4
106,"YellOwStaR","$181,049",7,8,2,5
107,"Zz1tai","$177,179",5,3,3,3
108,"Wraith","$176,649",0,1,1,0
109,"WildTurtle","$175,508",5,7,3,4
110,"yuyanjia","$174,422",3,1,1,2
111,"Odoamne","$172,452",6,2,8,1
112,"Spirit","$166,570",2,5,5,1
113,"Expect","$166,311",5,3,0,3
114,"Ssumday","$165,571",5,5,1,2
115,"Teddy","$162,007",4,1,0,4
116,"Chovy","$159,439",3,5,3,1
117,"Hjarnan","$155,680",10,9,7,1
118,"xPeke","$153,709",10,7,1,4
119,"Licorice","$153,113",2,5,0,1
120,"Biofrost","$152,075",5,0,2,5
121,"inSec","$147,833",4,2,2,2
122,"Santorin","$147,825",6,5,0,1
123,"Hanabi","$147,548",7,1,2,3
124,"Diamondprox","$145,378",9,6,1,1
125,"Alphari","$144,346",4,5,0,1
126,"Humanoid","$142,211",5,1,1,2
127,"Fireloli","$141,777",3,1,2,3
128,"Zeyzal","$139,853",3,6,2,0
129,"SofM","$138,245",2,2,2,0
130,"MMD","$136,650",6,1,1,6
131,"Pobelter","$135,942",3,3,3,3
132,"Meteos","$135,660",5,4,1,2
133,"Dyrus","$134,031",6,9,0,3
134,"Flame","$132,955",3,4,1,3
135,"Hauntzer","$132,500",4,2,2,4
136,"Kanavi","$131,823",1,2,2,1
137,"aphromoo","$131,340",2,6,2,2
138,"Vander","$128,943",1,2,4,0
139,"Evi","$127,356",9,4,3,1
140,"huanfeng","$126,864",3,1,1,0
141,"Yutapon","$124,856",11,6,1,1
142,"Rey","$123,881",3,2,1,1
143,"NaMei","$123,247",4,2,0,4
144,"Steal","$121,871",8,3,1,1
145,"PowerOfEvil","$121,830",1,7,5,0
146,"Smoothie","$121,333",4,6,1,1
147,"GALA","$120,125",4,1,0,2
148,"Life","$118,432",1,3,2,0
149,"Olleh","$114,025",2,5,0,2
150,"dade","$113,967",2,2,1,2
151,"Kramer","$113,854",0,3,2,0
152,"Bin","$112,516",2,1,2,0
153,"Angel","$112,205",3,2,1,0
154,"Hans sama","$111,972",3,2,2,0
155,"Gaeng","$110,531",6,1,2,0
156,"Cyanide","$110,153",7,5,1,4
157,"WADID","$109,876",3,1,1,1
158,"Acorn","$109,282",2,2,0,2
159,"Haro","$109,047",3,2,1,1
160,"TusiN","$108,129",1,3,3,1
161,"Able","$106,919",3,0,0,2
162,"QiuQiu","$106,235",1,2,1,1
163,"Keria","$103,731",1,2,1,0
164,"IgNar","$103,331",1,3,3,0
165,"Wei","$102,559",3,0,0,2
165,"Cryin","$102,559",4,0,0,2
167,"Lustboy","$102,509",6,3,0,3
168,"Wuxx","$102,172",2,1,2,1
169,"Cool","$102,124",1,2,2,1
170,"PvPStejos","$101,895",6,3,0,0
171,"ZionSpartan","$101,765",2,8,2,2
172,"Tarzan","$101,099",3,4,1,1
173,"huhi","$101,016",2,4,1,2
174,"Carzzy","$100,957",6,1,1,2
175,"Shy","$100,948",1,5,2,0
176,"Kirrrra","$100,654",6,3,1,0
177,"Kaiser","$98,621",6,2,3,2
178,"MadLife","$98,606",2,6,2,0
179,"Nemesis","$98,428",7,4,1,1
180,"Woolite","$96,340",15,8,1,0
181,"Watch","$96,297",1,3,0,1
182,"West","$95,566",2,2,1,1
183,"Athena","$95,443",3,2,1,0
184,"FORG1VEN","$95,379",1,0,1,0
185,"FZZF","$95,303",5,1,1,3
186,"Ceros","$94,940",10,7,1,1
187,"Levi","$94,820",8,6,0,0
188,"Alex Ich","$94,049",4,5,1,1
189,"Amazing","$93,969",4,4,1,1
190,"LoveLing","$93,900",1,3,1,1
190,"Gogoing","$93,900",1,3,1,1
190,"san","$93,900",1,3,1,1
193,"Nisqy","$93,890",3,8,2,2
194,"FEBIVEN","$93,852",7,5,2,2
195,"Flawless","$93,606",2,4,1,1
196,"Kiin","$90,451",1,3,2,0
197,"Genja","$89,300",4,3,1,1
197,"Darien","$89,300",4,3,1,1
199,"AmazingJ","$87,668",2,2,1,0
200,"Hai","$87,649",5,2,1,2
201,"Ucal","$87,281",1,1,1,1
202,"LemonNation","$87,249",5,2,0,2
203,"Ziv","$86,726",1,3,3,0
204,"Jesiz","$85,412",2,2,5,0
205,"Kid","$84,963",1,3,4,0
206,"Vizicsacsi","$84,394",1,10,2,0
207,"Froggen","$84,313",4,1,2,1
208,"Vulcan","$84,088",4,1,1,2
209,"Balls","$83,500",5,2,1,2
210,"Canna","$83,494",2,2,0,1
211,"Lehends","$83,276",3,3,1,1
212,"Moojin","$82,946",2,1,1,2
213,"U","$82,801",3,1,0,3
214,"KaKAO","$82,348",3,2,5,1
215,"Arrow","$82,200",6,3,2,2
216,"Mowgli","$81,549",1,1,2,0
217,"Effort","$81,052",2,1,0,2
218,"Westdoor","$80,942",1,2,2,0
219,"Kikis","$80,810",4,5,6,1
220,"Tactical","$80,740",3,4,1,0
221,"Jinjiao","$77,833",1,3,1,0
222,"Sw0rd","$77,590",3,3,1,1
223,"Xpecial","$76,040",4,7,4,1
224,"Wickd","$76,037",2,3,4,1
225,"An","$75,876",1,2,3,0
226,"y4","$75,722",2,1,0,2
227,"SaNTaS","$73,678",8,4,0,0
228,"Leyan","$72,683",3,0,0,0
229,"705","$72,451",2,0,0,1
230,"Albis","$72,272",1,2,2,0
231,"Cain","$72,097",1,1,0,1
232,"Smurf","$71,596",2,4,2,0
233,"RapidStar","$71,547",0,3,0,0
234,"Hojin","$71,222",0,2,1,0
235,"Mountain","$71,160",1,2,2,0
236,"Kobbe","$71,096",3,2,3,1
237,"Armut","$70,832",4,0,0,2
238,"NL","$70,532",3,0,0,1
239,"JunJia","$69,224",2,0,0,1
240,"Jactroll","$68,795",4,2,2,0
241,"GodLike","$68,511",0,1,1,0
242,"Corn","$68,440",0,1,1,0
243,"Stixxay","$68,315",1,3,3,1
244,"TheOddOne","$68,040",4,6,2,1
245,"LANGX","$67,726",1,2,1,0
246,"Kaiwing","$67,091",6,1,1,0
247,"Reginald","$67,040",4,5,2,1
248,"Elyoya","$66,955",3,1,0,2
249,"Reignover","$66,370",2,1,2,2
250,"BOSS","$65,975",8,1,0,0
251,"Selfmade","$65,719",5,3,0,0
252,"Larssen","$65,607",1,4,2,0
253,"Heart","$63,444",1,1,0,1
254,"Woong","$63,255",0,3,0,0
255,"Nomanz","$62,885",8,1,0,0
256,"Nuclear","$62,417",3,1,1,1
257,"AHaHaCiK","$62,394",8,1,0,0
258,"Nagne","$62,287",1,1,0,0
259,"Armao","$62,000",3,4,1,0
260,"Aodi","$61,570",2,0,0,2
261,"Naul","$61,554",4,4,1,0
262,"Maxlore","$61,473",1,1,1,0
263,"Unified","$61,368",6,1,1,0
264,"Koala","$61,295",2,2,3,1
265,"Slay","$60,702",4,1,1,0
266,"Palette","$60,484",3,3,1,0
267,"Cabochard","$60,150",2,4,1,0
268,"Road","$60,131",1,2,2,0
269,"Gumayusi","$59,851",3,2,0,0
270,"Cola","$59,693",0,1,1,0
271,"Inspired","$59,668",1,5,4,0
272,"Stark","$59,209",5,2,2,0
273,"Archie","$58,371",4,2,1,0
274,"Oner","$58,173",3,3,0,0
275,"nRated","$58,093",4,3,2,2
276,"Xerxe","$58,027",1,3,3,1
277,"iBo","$57,553",9,7,1,0
278,"Likkrit","$57,455",2,3,0,0
279,"Attila","$57,148",5,0,1,0
280,"WeiXiao","$57,090",5,0,1,1
281,"Doran","$57,052",1,2,1,0
282,"G4","$56,678",9,3,2,0
283,"XuanXuanPi","$56,562",1,0,0,1
284,"Fudge","$55,750",4,2,1,1
285,"Wh1t3zZ","$55,747",0,1,0,0
286,"Ley","$55,724",1,1,2,1
287,"brTT","$55,524",8,8,4,1
288,"Lucky","$55,327",0,1,0,0
288,"Tabe","$55,327",0,1,0,0
290,"Lloyd","$55,178",9,3,2,0
291,"PK","$54,960",2,6,4,0
292,"Slow","$54,809",6,3,1,0
293,"Pyl","$54,704",1,1,1,1
294,"Abbedagge","$54,671",3,2,2,2
295,"Jiizuke","$54,564",1,0,2,0
296,"Smlz","$54,429",2,1,4,2
297,"Contractz","$53,773",2,2,0,1
298,"Gadget","$52,774",6,4,1,0
299,"Aluka","$52,331",1,2,1,1
300,"Saken","$52,296",7,7,3,0
301,"Chawy","$52,028",0,3,2,0
302,"GODV","$51,887",1,1,0,1
303,"Cody Sun","$51,154",1,3,1,0
304,"Rockky","$50,819",6,1,2,0
305,"River","$50,642",5,2,1,0
306,"aMiracle","$50,618",2,1,0,0
307,"Snoopeh","$50,505",1,2,3,0
308,"Misaya","$50,074",4,0,1,1
309,"Bigkoro","$50,072",2,3,1,0
310,"AnDa","$50,025",5,1,0,0
311,"nukeduck","$50,024",2,7,1,1
312,"Gilius","$49,769",2,2,4,0
313,"Denyk","$49,608",3,6,0,0
314,"Targamas","$49,212",13,4,5,0
315,"BrokenBlade","$49,035",2,5,0,2
316,"Yellowpete","$48,625",1,1,2,0
317,"Zeros","$48,254",3,2,1,0
318,"Aria","$48,138",2,0,1,0
319,"Ramune","$48,070",6,0,2,1
320,"Oddie","$48,045",7,1,3,0
321,"Piccaboo","$47,863",2,1,0,1
322,"Krepo","$47,825",1,1,1,0
323,"xMatty","$47,727",21,8,4,0
324,"delord","$47,253",9,4,2,0
325,"BaeMe","$47,167",0,0,1,0
326,"Tolkin","$46,683",8,3,2,0
327,"Kongyue","$46,642",0,2,3,0
328,"Lodik","$46,481",4,2,0,0
329,"Bugi","$46,246",2,1,3,1
330,"K1ng","$46,161",8,3,2,1
331,"Kold","$46,111",5,2,1,1
332,"MaKNooN","$46,079",1,2,0,1
333,"Uniboy","$46,042",0,2,4,0
334,"Optimus","$45,675",6,1,2,0
335,"Pyosik","$45,654",0,1,1,0
336,"baybay","$45,400",0,2,2,0
337,"Neon","$45,166",3,4,0,0
338,"Liang","$44,904",0,4,3,0
339,"Expession","$44,838",0,0,0,0
340,"Fly","$44,815",3,3,2,0
341,"Ggoong","$44,527",0,3,0,0
342,"Crash","$44,372",2,0,2,0
343,"CaoMei","$43,990",2,0,1,0
344,"Plugo","$43,537",7,3,1,0
345,"Roach","$43,359",2,4,0,1
346,"Trymbi","$43,099",2,2,1,0
347,"Malrang","$43,057",1,1,1,1
348,"Cloud","$42,997",0,1,0,0
349,"Upset","$42,723",0,3,2,0
350,"Chres","$42,678",5,2,2,0
351,"Tabzz","$42,035",1,2,0,1
352,"kaSing","$41,966",6,7,6,1
353,"Swift","$41,589",0,2,1,0
354,"Sebekx","$41,539",9,3,0,0
355,"promisq","$41,534",3,1,0,1
356,"Jejky","$41,427",7,2,0,0
357,"Cpt Jack","$41,311",3,3,0,1
358,"SnowFlower","$41,151",4,0,1,1
358,"Xx","$41,151",0,4,1,0
360,"Closer","$41,063",3,1,0,2
361,"FBI","$40,985",3,2,2,1
362,"Nyph","$40,480",1,1,1,1
363,"LIDER","$40,470",3,3,0,0
364,"FoFo","$40,417",1,2,3,1
365,"PDD","$40,250",1,2,1,0
366,"fabFabulous","$40,120",6,3,0,2
367,"puszu","$40,000",1,0,0,1
368,"Shenyi","$39,844",0,2,1,0
369,"Save","$39,781",0,2,1,0
370,"Zeitnot","$39,570",5,3,1,2
371,"micaO","$39,509",6,4,0,1
372,"illuSioN","$39,370",1,2,1,0
373,"Solo","$39,125",2,2,0,0
374,"Morning","$39,097",2,2,3,2
375,"Stitch","$38,976",1,1,2,0
376,"tockers","$38,950",6,3,0,2
377,"Seiya","$38,945",6,1,3,0
378,"Meliodas","$38,732",2,0,1,0
379,"P1noy","$38,655",7,3,1,1
380,"icon","$38,648",1,1,1,1
381,"Eika","$38,458",12,5,2,0
382,"Morgan","$38,451",1,1,1,0
383,"SSONG","$38,279",1,1,0,1
384,"Spica","$38,275",1,2,1,1
385,"Whitelotus","$38,210",6,1,1,0
386,"Nardeus","$38,117",4,0,0,0
387,"Chaox","$38,040",2,3,2,0
388,"Steak","$38,000",2,0,0,0
389,"Avoidless","$37,857",1,0,3,0
390,"Shemek","$37,801",12,6,3,0
391,"Obsess","$37,473",3,5,3,0
392,"Mark","$37,399",2,1,0,0
393,"kRYST4L","$37,369",0,1,1,0
394,"Tom","$37,359",2,0,0,2
395,"M1ssion","$37,323",3,1,3,0
396,"xiaolaohu","$37,164",0,3,0,0
397,"Rikara","$37,025",2,0,0,0
398,"Killua","$36,905",1,2,2,1
399,"Beichuan","$36,866",0,3,0,0
400,"Prince","$36,790",1,1,1,0
401,"Buggax","$36,636",4,0,1,0
402,"Hope","$36,553",0,1,0,0
403,"Adam","$36,533",3,1,2,0
404,"TynX","$36,465",5,3,2,0
405,"Doxy","$36,366",4,6,1,0
406,"Rahel","$36,201",2,0,0,1
407,"loulex","$36,166",1,0,2,1
408,"Xuhao","$36,126",1,0,1,0
409,"Burdol","$36,105",1,2,0,0
410,"GuGer","$36,071",2,6,0,0
411,"Fix","$36,065",6,4,0,0
412,"Tierwulf","$36,051",5,2,0,0
413,"XLB","$36,014",2,2,0,0
414,"Agresivoo","$35,964",5,4,4,0
415,"Shernfire","$35,936",5,2,1,1
416,"Revolta","$35,735",5,4,5,2
417,"Zanzarah","$35,579",3,8,1,0
418,"Rich","$35,464",3,2,0,0
419,"Voyboy","$35,450",3,3,3,0
420,"Steeelback","$35,301",7,1,0,1
421,"Rather","$35,294",2,1,1,1
422,"Bando","$35,176",6,7,2,0
423,"Stomaged","$35,120",5,3,0,2
424,"Mafa","$34,986",2,1,2,1
425,"Coco","$34,962",0,1,3,0
426,"Bvoy","$34,915",0,4,0,0
427,"Shlatan","$34,723",6,5,0,0
428,"Orome","$34,675",3,2,2,0
429,"Helios","$34,482",3,3,0,1
430,"HotshotGG","$34,380",3,3,3,0
431,"Shanks","$34,335",1,2,2,0
432,"TitaN","$34,281",7,0,1,1
433,"Sertuss","$34,263",4,3,2,0
434,"Yang","$33,740",6,5,0,2
435,"Noway","$33,625",3,4,3,0
436,"Nite","$33,573",4,2,4,0
437,"Cinkrof","$33,561",5,5,2,0
438,"K","$33,402",0,2,3,0
439,"GBM","$33,400",3,2,0,1
440,"Tore","$33,309",2,2,0,0
441,"Tonerre","$33,233",10,4,6,0
442,"Lilv","$33,067",1,2,4,1
443,"Zefa","$33,047",0,2,0,0
444,"Tabasko","$32,922",6,2,4,0
445,"bluerzor","$32,885",10,6,5,0
446,"Frozen","$32,881",2,2,0,1
447,"ShiauC","$32,806",2,0,1,2
448,"Send0o","$32,775",8,11,2,1
449,"Breeze","$32,502",0,2,3,0
450,"Czekolad","$32,432",4,1,1,0
451,"Jockster","$32,371",4,3,0,1
452,"Crownshot","$32,311",8,6,1,0
453,"Conan","$32,267",2,0,1,0
454,"Kitties","$32,250",0,2,2,0
455,"Tank","$32,009",0,3,2,0
456,"Chauster","$31,980",2,3,3,0
457,"NaeHyun","$31,976",2,2,1,2
458,"Asza","$31,971",7,3,2,0
459,"Gemini","$31,939",1,2,2,0
460,"Lucas","$31,774",2,0,1,0
461,"Xiyang","$31,577",1,1,2,1
462,"Keith","$31,400",1,4,1,0
463,"Jay","$31,375",1,2,2,0
464,"Phones","$31,320",1,5,5,0
465,"Keduii","$31,213",4,6,2,0
466,"Rest","$31,099",1,1,4,1
467,"Vsta","$30,965",0,1,2,0
468,"YiJin","$30,872",3,2,3,0
469,"Kami","$30,814",3,4,4,0
470,"Atlen","$30,730",3,0,1,2
471,"Bo","$30,670",0,1,0,0
472,"NikSar","$30,622",1,0,0,0
473,"ZaZee","$30,461",5,2,0,0
474,"Kreox","$30,384",1,3,1,0
475,"Warangelus","$30,360",2,5,1,0
476,"Djoko","$30,280",9,4,0,0
477,"Robo","$30,232",6,3,1,1
478,"Key","$30,095",2,0,0,0
479,"IWillDominate","$30,000",0,4,4,0
480,"Blasting","$29,902",3,1,0,0
481,"Pretty","$29,860",9,2,1,0
482,"MagiFelix","$29,654",13,5,1,1
483,"Kiaya","$29,626",2,3,1,0
484,"SolidSnake","$29,425",5,1,2,0
485,"SirT","$29,175",3,4,3,0
486,"Ronop","$29,138",4,1,2,0
487,"Innaxe","$29,086",4,7,0,0
488,"Don Arts","$28,990",4,2,1,0
489,"Finn","$28,967",1,2,3,0
490,"Crazy","$28,861",3,0,0,0
491,"Kellin","$28,728",0,2,2,0
492,"V1per","$28,600",4,1,0,0
493,"Comp","$28,451",8,3,1,0
494,"Adrian","$28,400",1,3,5,0
495,"Profit","$28,366",2,0,0,1
496,"Mole","$28,327",0,1,2,0
497,"Voidle","$28,052",2,2,2,0
498,"Exile","$28,005",2,7,2,0
499,"Moyu","$27,863",0,2,1,0
500,"Hana","$27,840",1,0,2,1
501,"Aiming","$27,810",0,2,1,0
502,"Rush","$27,796",1,0,2,1
503,"Homme","$27,787",1,1,1,1
504,"Space","$27,760",0,2,2,0
505,"Moopz","$27,592",8,6,4,0
506,"Chei","$27,573",0,2,0,0
507,"Dan Dan","$27,546",6,6,1,0
508,"Mylon","$27,408",4,2,2,0
509,"RedBert","$27,343",4,2,1,0
510,"Bigfatlp","$27,280",2,3,1,0
511,"ADD","$27,273",1,2,0,0
512,"Ranger","$27,116",3,1,1,1
513,"Nukes","$27,027",4,4,1,0
514,"Candy","$27,000",3,1,0,0
515,"NoWay","$26,998",6,3,1,0
516,"Nate","$26,878",6,6,0,0
517,"Forge","$26,844",2,0,0,0
518,"Duan","$26,690",1,0,0,0
519,"Dioud","$26,588",3,1,3,0
520,"Sya","$26,581",2,2,1,0
521,"Toaster","$26,551",6,7,3,0
522,"Lurox","$26,125",3,3,4,0
523,"HustlinbeasT","$25,901",5,5,7,0
524,"Raxxo","$25,900",2,8,2,0
525,"beishang","$25,846",0,3,2,0
526,"Elk","$25,846",0,2,2,0
527,"Missing","$25,846",1,2,2,0
528,"SSol","$25,807",1,4,1,0
529,"Ellim","$25,759",3,1,0,1
530,"Kuzan","$25,732",1,1,0,0
531,"Vasilii","$25,491",0,0,1,0
532,"Chippys","$25,442",4,3,5,0
533,"dyNquedo","$25,398",3,0,3,1
534,"Nevan","$25,203",2,1,0,0
535,"cvMax","$25,177",1,1,0,1
536,"scarra","$25,100",1,3,5,0
537,"Imaqtpie","$25,100",1,3,5,0
538,"Paz","$25,031",4,5,3,1
539,"Karis","$25,003",3,1,0,0
540,"Blanc","$24,824",1,0,0,1
541,"Shadow","$24,770",1,1,1,0
542,"Sangyoon","$24,759",1,1,1,0
543,"Move","$24,700",3,1,0,1
544,"TinOwns","$24,678",7,4,0,0
545,"Zantins","$24,486",4,0,0,1
546,"CandyPanda","$24,480",0,2,2,0
546,"Shook","$24,450",1,0,0,1
548,"Sleeping","$24,293",5,5,0,0
549,"Pilot","$24,274",1,1,1,0
550,"WhiteKnight","$23,949",4,1,0,0
551,"Benny","$23,924",0,1,2,0
552,"Deádly","$23,916",4,6,1,0
553,"Kingen","$23,910",1,0,0,1
554,"SMILEY","$23,886",3,6,4,0
555,"Destiny","$23,836",5,3,1,1
556,"Sky","$23,792",1,0,1,1
557,"Damonte","$23,763",1,2,2,0
558,"Babip","$23,554",5,2,0,1
559,"Thaldrin","$23,477",5,0,0,1
560,"NoNHoly","$23,470",0,6,1,0
561,"XiaoXiao","$23,457",0,1,1,0
562,"Newbie","$23,360",1,6,4,0
563,"Zhuo","$23,353",3,0,0,0
564,"Y1han","$23,228",0,1,0,0
565,"Skeanz","$23,148",5,6,4,0
566,"Riyev","$23,121",4,0,0,1
567,"Dreams","$23,006",3,3,0,0
568,"Paranoia","$22,995",1,3,1,0
569,"Hiiva","$22,819",2,4,0,0
570,"Jeskla","$22,754",3,4,0,0
571,"Gori","$22,679",2,1,1,1
572,"Padden","$22,577",2,0,0,1
573,"LirA","$22,479",1,0,1,0
574,"Untara","$22,284",0,1,0,0
575,"poome","$22,220",4,1,3,0
576,"Winds","$22,200",0,1,0,0
577,"Archer","$22,190",1,0,1,0
578,"Vetheo","$22,174",2,2,1,0
579,"Punch","$22,154",1,3,1,0
580,"Agurin","$22,077",6,2,1,0
581,"Puki Style","$22,057",2,8,4,0
582,"Emperor","$22,044",1,1,1,1
583,"Goldenglue","$22,000",1,2,1,0
584,"Kazu","$21,989",3,1,0,0
585,"COLD","$21,923",1,0,1,1
586,"SoHwan","$21,907",0,1,0,0
587,"Fenix","$21,890",1,2,3,0
588,"Yuuki60","$21,813",4,4,4,0
589,"Werlyb","$21,754",7,1,0,0
589,"Venus","$21,739",0,4,1,0
589,"Maxi","$21,641",2,7,0,0
592,"VincentVega","$21,616",0,4,0,0
593,"EasyLove","$21,547",1,4,0,0
594,"Jestkui Max","$21,495",0,4,0,0
595,"Empt2y","$21,491",1,1,0,0
596,"Ace","$21,490",2,2,1,0
597,"Raina","$21,490",1,2,1,0
598,"Ryoma","$21,455",3,3,5,1
599,"Chaser","$21,447",0,1,0,0
600,"ocelote","$21,422",0,1,5,0
600,"Kirei","$21,357",2,3,3,0
600,"kev1n","$21,270",1,0,0,0
603,"Xiaobai","$21,200",1,1,0,1
604,"Warzone","$21,151",1,0,2,0
605,"Satorius","$21,130",1,2,2,0
606,"Naru","$20,993",4,1,1,1
607,"Slayder","$20,973",2,1,3,0
608,"Tally","$20,826",4,2,3,0
609,"Minerva","$20,795",4,5,1,0
610,"Triple","$20,684",5,2,0,1
611,"Bean","$20,625",1,3,1,0
612,"Matislaw","$20,611",3,7,1,0
613,"DiscotEkka","$20,549",0,4,0,0
614,"Willer","$20,536",1,1,0,0
615,"Exosen","$20,298",5,5,1,0
616,"POP","$20,258",5,0,0,0
617,"Breathe","$20,182",0,2,2,0
618,"ON","$20,128",1,0,1,0
619,"Wendelbo","$20,055",5,4,0,0
620,"fredy122","$20,000",0,1,1,0
621,"Veritas","$19,902",2,3,0,0
622,"Ale","$19,859",0,1,0,0
623,"Light","$19,859",0,1,0,0
624,"Iwandy","$19,859",0,2,0,0
625,"Tay","$19,808",3,2,0,0
626,"Saintvicious","$19,730",3,2,3,0
627,"Jisu","$19,634",3,3,1,0
628,"Phrenic","$19,427",3,6,1,0
629,"Jirall","$19,401",4,1,3,0
630,"Beyond","$19,352",0,2,0,0
631,"Dia1","$19,323",0,3,1,0
632,"BioPanther","$19,274",4,1,0,1
633,"Szygenda","$19,179",4,3,1,0
634,"RKR","$19,158",3,0,0,0
635,"Taxer","$19,142",9,12,3,0
636,"Wako","$19,122",0,1,2,0
637,"Samux","$19,115",0,2,1,0
638,"Cupcake","$19,052",4,2,5,1
639,"Acce","$18,974",1,3,2,0
640,"Jenax","$18,816",1,5,2,0
641,"Ackerman","$18,740",4,0,0,0
642,"Pride","$18,708",4,3,0,0
643,"Shadow","$18,695",1,3,1,0
644,"Lekcyc","$18,690",0,4,2,0
645,"Th3Antonio","$18,624",6,3,0,0
646,"Phaxi","$18,605",4,5,2,0
647,"Sacre","$18,566",5,4,1,0
648,"TrAce","$18,462",0,1,0,0
649,"ikssu","$18,457",0,0,2,0
650,"Doggo","$18,388",0,2,0,0
651,"Cube","$18,383",1,1,0,0
652,"Hang","$18,383",1,1,0,0
653,"Mickey","$18,343",1,0,2,0
654,"Southwind","$18,301",0,0,0,0
655,"Puff","$18,301",0,0,1,0
656,"cody","$18,287",3,0,1,0
657,"LaMiaZeaLoT","$18,250",3,0,1,1
658,"Ventair","$18,242",5,1,3,0
659,"Winter","$18,142",5,4,4,0
660,"Envy","$18,131",4,1,0,0
661,"Apex","$18,114",1,2,2,0
662,"Freeze","$18,086",4,6,1,1
663,"Falco","$18,065",4,1,0,0
664,"Dan","$18,009",8,2,2,0
665,"Klaj","$18,005",0,4,4,0
665,"Zorozero","$18,000",1,3,0,0
667,"LEP","$17,968",2,1,4,0
668,"World6","$17,923",0,0,0,0
669,"Mystiques","$17,852",5,7,1,0
670,"Kumo","$17,800",1,2,1,0
671,"QaspieL","$17,762",3,4,1,0
672,"Patrik","$17,711",2,1,0,1
673,"Pandar","$17,635",5,1,1,0
674,"Labrov","$17,603",3,0,2,0
675,"Genthix","$17,582",3,0,2,0
676,"Xiaopeng","$17,566",5,0,0,0
677,"Changhong","$17,566",4,0,0,0
678,"Twila","$17,566",4,0,0,0
679,"Hooks","$17,520",4,3,1,0
680,"EGO","$17,363",2,1,0,0
681,"Joey","$17,305",1,0,0,0
682,"Tempt","$17,288",1,0,0,0
683,"Husha","$17,275",0,3,0,0
684,"Hoit","$17,254",2,0,1,0
685,"3z","$17,247",1,1,3,0
686,"Kino","$17,204",0,2,1,0
687,"Magic","$17,160",1,0,1,0
688,"XUN","$17,120",1,0,1,0
689,"zig","$17,100",1,0,2,1
690,"Broeki","$17,045",5,1,1,0
690,"takeshi","$17,004",1,6,2,1
690,"dexter","$17,000",0,1,1,0
693,"Phlaty","$16,805",0,4,1,0
694,"Jenkins","$16,800",3,2,0,0
695,"Bruce","$16,771",1,2,1,0
696,"Shushei","$16,690",3,0,1,1
697,"WarL0cK","$16,618",2,3,1,0
697,"Chrisberg","$16,595",8,0,3,0
699,"Shini","$16,561",4,3,0,0
700,"5fire","$16,530",9,3,2,0
701,"Ian","$16,515",0,1,1,0
702,"Crumbz","$16,510",0,2,1,0
703,"Absolut","$16,376",3,3,0,0
704,"UmTi","$16,366",0,1,0,0
705,"Lindarang","$16,305",0,0,0,0
706,"Alex","$16,269",0,1,2,0
707,"Ysera","$16,261",0,2,2,0
708,"Pridestalkr","$16,255",1,1,3,0
709,"Alu","$16,204",2,0,0,0
710,"Gamsu","$16,200",1,2,2,0
711,"Max","$16,162",0,1,0,0
712,"DoubleAiM","$16,055",3,2,1,0
713,"Inori","$16,000",3,1,1,0
714,"Araneae","$15,990",1,0,1,0
715,"Summit","$15,977",1,1,1,0
716,"Coldenfeet","$15,931",0,5,0,0
717,"Milica","$15,930",6,2,2,0
718,"Chap","$15,855",4,3,3,0
719,"Thal","$15,841",1,2,0,0
720,"Leza","$15,831",1,3,1,0
721,"Visdom","$15,825",0,2,5,0
722,"Deftly","$15,813",0,3,0,0
723,"Lost","$15,792",0,3,5,0
724,"Kitty","$15,669",8,4,4,0
725,"Kinzu","$15,601",0,2,2,0
726,"Rabble","$15,589",0,1,3,0
727,"Guoguo","$15,573",0,1,0,0
728,"Hudie","$15,573",0,1,0,0
729,"Jaeger","$15,560",2,1,4,0
730,"Goku","$15,551",3,5,2,0
731,"Tolerant","$15,525",2,2,2,1
732,"FallenBandit","$15,520",3,3,0,0
733,"Le Roi Bisou","$15,509",4,0,2,0
734,"Qingtian","$15,489",2,0,0,0
735,"Xiaocaobao","$15,489",1,0,0,0
736,"Melon","$15,482",4,3,4,0
737,"Kaas","$15,389",7,1,2,0
738,"toucouille","$15,354",6,2,0,0
739,"wewillfailer","$15,334",1,1,1,1
740,"SozPurefect","$15,303",5,4,4,0
741,"Ellam","$15,295",4,1,0,0
742,"Wisdom","$15,278",2,0,1,1
743,"seaz","$15,224",5,0,0,0
744,"M1kuya","$15,136",0,1,0,0
745,"Kektz","$15,115",5,6,2,0
746,"Kaze","$15,052",4,3,2,0
747,"Dardoch","$15,000",0,1,2,0
748,"deokdam","$14,935",1,2,1,0
749,"Lukezy","$14,929",2,5,1,0
750,"Jjun","$14,925",3,1,1,0
751,"Kaigu","$14,920",2,4,1,0
752,"SeongHwan","$14,901",0,0,0,0
753,"Nappon","$14,694",2,1,1,1
754,"Mellisan","$14,690",3,0,1,1
755,"Zin","$14,673",1,0,2,0
756,"Ben4","$14,631",0,1,0,0
757,"Luci","$14,619",2,3,1,0
758,"Captain","$14,615",1,0,0,0
759,"Snow","$14,615",1,0,0,0
760,"zs","$14,615",1,0,0,0
761,"Tuesday","$14,590",2,3,1,0
762,"Tgee","$14,520",2,4,1,0
763,"MaHa","$14,519",0,1,0,0
764,"Japone","$14,491",1,1,0,0
765,"Hadess","$14,487",9,4,0,0
766,"Ares","$14,468",2,0,0,0
767,"Garvey","$14,369",0,1,0,0
768,"Xioh","$14,342",1,5,3,0
769,"Bolulu","$14,304",4,2,0,0
770,"Dread","$14,233",1,0,1,0
771,"Sharkk","$14,209",4,2,2,0
772,"Venzer","$14,167",3,4,0,0
773,"Viod","$14,152",1,0,0,0
774,"Alive","$14,151",2,2,0,0
775,"Enjawve","$14,151",2,2,3,0
776,"yT","$14,138",0,3,0,0
777,"Ryan","$14,137",1,2,1,0
778,"Phantiks","$14,106",3,2,1,0
779,"Jojo","$14,104",2,3,0,0
780,"AKi","$14,011",0,0,2,0
781,"Big","$14,000",4,0,0,0
782,"XiaoWeiXiao","$14,000",0,0,1,0
783,"rhuckz","$13,982",3,5,0,1
784,"Totoro","$13,951",1,0,0,0
785,"Aun","$13,897",0,5,1,0
786,"Jett","$13,801",2,0,0,0
787,"Razork","$13,702",1,6,0,0
788,"Jinoo","$13,685",0,1,1,0
788,"Gari","$13,670",5,2,1,0
790,"Shrimp","$13,616",1,3,0,0
791,"Lucker","$13,582",4,1,1,0
792,"Hybrid","$13,580",1,1,2,1
793,"Prosfair","$13,570",12,3,4,0
794,"H0R0","$13,392",1,1,0,0
795,"Doss","$13,320",2,6,2,0
796,"Patoy","$13,300",0,1,0,0
797,"Mojito","$13,296",4,0,1,2
798,"Celebrity","$13,266",2,1,3,0
799,"Shiro","$13,217",3,3,0,0
800,"HiRit","$13,204",3,0,0,0
801,"Shikari","$13,197",13,3,1,0
802,"mancloud","$13,050",0,0,2,0
803,"Zuna","$13,050",0,0,2,0
804,"Ronaldo","$13,006",8,3,2,0
805,"Rock","$12,995",0,1,2,0
806,"Violet","$12,893",0,0,1,0
807,"Hatrixx","$12,890",2,2,1,0
808,"Spooky","$12,888",5,0,0,0
809,"REFRA1N","$12,886",1,1,1,0
810,"Kabbie","$12,869",1,0,0,0
811,"Fury","$12,862",0,0,1,0
812,"Shady","$12,860",3,4,4,1
813,"BloodWater","$12,800",0,0,2,0
814,"Violet","$12,788",1,1,0,0
815,"Aladoric","$12,788",1,2,0,0
816,"Wysek","$12,759",0,3,1,0
817,"Meteor","$12,754",0,1,1,0
818,"OnFleek","$12,713",0,2,1,0
819,"Lava","$12,695",0,0,0,0
820,"Mightybear","$12,650",0,2,0,0
821,"Narkuss","$12,625",3,2,2,0
822,"Yoshino","$12,624",3,0,0,0
823,"Nji","$12,524",9,3,0,0
824,"esA","$12,504",3,7,2,1
825,"Reapered","$12,489",2,0,0,0
826,"Vasked","$12,485",4,3,0,0
827,"Wos","$12,471",4,4,0,0
828,"Frappii","$12,469",2,4,0,0
829,"Flaresz","$12,458",2,0,2,0
830,"DuDu","$12,447",0,0,1,0
831,"Mitsuki","$12,442",2,0,0,0
832,"Quas","$12,430",0,1,4,0
833,"Klowny","$12,428",3,2,2,0
834,"LIMIT","$12,428",1,0,0,0
835,"Memento","$12,399",0,2,1,0
836,"Yuekai","$12,394",0,1,0,0
837,"Maoan","$12,388",0,1,0,0
838,"Darlik","$12,372",7,1,1,0
839,"Julien","$12,290",3,2,2,0
840,"Anthrax","$12,281",6,3,0,0
841,"OzoraVeki","$12,257",3,3,0,0
842,"Chasy","$12,224",3,0,0,0
843,"Renyu","$12,216",2,1,5,0
844,"Avenger","$12,212",3,0,2,0
845,"Vzz","$12,191",4,0,0,0
846,"Aix","$12,190",2,1,0,0
847,"Treatz","$12,184",1,4,3,0
848,"viviD","$12,181",3,5,1,1
849,"Value","$12,180",5,0,3,0
850,"Selfie","$12,122",1,1,0,0
851,"Kati","$12,114",3,3,0,0
852,"Ruin","$12,090",2,0,3,0
853,"Hoon","$12,076",1,0,0,0
854,"Scarlet","$12,046",2,3,0,0
855,"Guigo","$12,006",3,0,1,0
856,"NIXWATER","$12,000",0,0,0,0
857,"Diamond","$12,000",2,1,1,0
858,"Cotopaco","$11,975",2,2,2,0
858,"Josedeodo","$11,965",1,0,1,0
860,"Erdote","$11,941",3,1,1,0
861,"Secret","$11,903",0,1,2,0
862,"Jelly","$11,894",1,0,0,0
863,"Artifact","$11,841",0,1,2,0
864,"DoeDoii","$11,805",4,2,0,0
865,"Akaadian","$11,800",0,2,0,0
866,"Atom","$11,752",1,6,2,0
867,"Matsukaze","$11,749",2,5,0,0
868,"Dove","$11,739",0,2,2,0
869,"yoHan","$11,737",1,0,2,0
870,"Vardags","$11,704",0,4,2,0
871,"Decoy","$11,696",2,2,3,1
872,"DNK","$11,695",0,1,2,0
873,"YutoriMoyasi","$11,685",4,3,4,1
874,"Aegis","$11,674",3,0,0,0
875,"Rich","$11,632",0,2,1,0
876,"TraYtoN","$11,622",1,3,1,0
877,"Hamez","$11,605",4,5,1,0
878,"Ren","$11,571",1,2,0,0
879,"Kerberos","$11,560",8,4,5,0
880,"Skash","$11,557",1,0,0,0
881,"Haise","$11,536",0,1,0,0
882,"Aloned","$11,482",1,1,0,0
883,"Masterwork","$11,439",5,2,1,0
884,"Sinmivak","$11,418",3,0,3,0
885,"Relic","$11,412",2,2,2,0
886,"Arce","$11,412",3,0,2,0
887,"Brosak","$11,364",1,3,3,0
888,"Karim kt","$11,325",1,3,1,0
889,"SoaR","$11,312",0,3,2,0
890,"Raes","$11,302",4,4,3,1
891,"JayJ","$11,300",2,0,0,0
892,"Grell","$11,282",0,5,1,0
893,"Argonavt","$11,272",1,0,0,0
894,"CBL","$11,260",1,0,4,0
895,"Quixeth","$11,255",5,5,0,0
896,"Yoppa","$11,238",2,2,2,0
897,"Meight","$11,225",4,4,1,0
898,"Pulsas","$11,191",2,1,1,0
899,"Bono","$11,179",0,1,0,0
900,"Dumbledoge","$11,050",4,2,0,1
901,"Obvious","$11,032",4,1,1,0
902,"Four","$11,031",2,4,1,0
903,"Altec","$11,000",0,1,1,0
904,"Markoon","$10,962",2,2,0,0
905,"YoDa","$10,926",1,0,2,0
906,"Bie","$10,859",1,2,2,0
907,"Isles","$10,850",2,3,0,0
908,"Jezu","$10,811",1,0,2,0
909,"Fragas","$10,800",1,0,0,0
910,"Melonik","$10,763",1,0,1,0
911,"Arthur","$10,763",0,1,1,0
912,"Lonely","$10,708",1,0,2,0
913,"Zergsting","$10,696",2,0,0,1
914,"Bananitoo","$10,682",6,0,3,0
915,"Secr3t","$10,666",0,1,0,0
916,"Envyy","$10,642",2,0,1,0
917,"Zzus","$10,621",2,0,1,1
918,"Special","$10,610",5,7,1,0
919,"Luger","$10,563",2,2,3,0
920,"Emp","$10,526",3,4,2,0
921,"Copy","$10,520",2,5,0,0
922,"Yampi","$10,504",3,3,2,0
923,"StarLast","$10,489",1,0,0,0
924,"Yaharong","$10,486",0,1,0,0
925,"Dragonminkim","$10,440",2,0,0,0
926,"HeaQ","$10,421",0,1,1,0
927,"Minit","$10,414",0,3,0,0
928,"Apollo","$10,340",1,1,2,0
929,"SLT","$10,331",1,2,3,0
930,"Doxa","$10,300",2,1,0,0
931,"Youngjae","$10,297",1,0,2,0
932,"Furuy","$10,283",4,4,5,0
933,"Yeon","$10,270",5,3,1,0
934,"Shoryu","$10,200",2,4,0,0
935,"Scarface","$10,183",1,3,1,0
936,"Cat","$10,181",0,1,0,0
937,"Alois","$10,181",7,2,0,0
938,"Lies","$10,181",0,1,0,0
939,"Papa Chau","$10,150",0,2,1,0
940,"MnM","$10,140",0,0,0,0
941,"Dom1nant","$10,131",4,5,0,0
942,"niQ","$10,102",1,2,1,0
943,"Kruimel","$10,094",3,6,2,0
944,"Jiekou","$10,078",1,0,1,1
945,"GreenTea","$10,000",0,0,0,0
946,"BunnyFuFuu","$10,000",0,2,0,0
947,"Hammock","$10,000",0,1,0,0
948,"Pyrka","$9,960",2,0,4,0
949,"Breaker","$9,876",0,1,2,0
950,"GodKwai","$9,872",1,1,0,0
951,"Dreamer Ace","$9,871",0,3,0,0
952,"Cepted","$9,805",1,1,1,0
953,"mumus100","$9,767",1,5,3,0
954,"Nikola","$9,756",4,2,1,0
955,"Advienne","$9,752",1,1,0,0
956,"Bravado","$9,750",4,1,2,0
957,"Taikki","$9,693",0,3,3,0
958,"KingJ","$9,676",0,1,2,0
959,"Pooh","$9,667",0,1,0,0
960,"MANTARRAYA","$9,613",2,0,0,0
961,"MikeYeung","$9,600",3,2,0,1
962,"Kadir","$9,588",0,3,1,0
963,"behave","$9,519",3,4,1,0
964,"Bruness","$9,502",2,1,2,0
965,"Sorn","$9,499",0,1,3,0
966,"Dreampull","$9,444",1,3,0,0
967,"Jwaow","$9,429",1,1,4,0
968,"Khael","$9,375",2,0,1,0
969,"Raven","$9,370",1,0,0,0
970,"SuNo","$9,360",1,0,1,0
971,"Blazes","$9,360",1,1,3,0
972,"Czajek","$9,324",2,0,3,0
973,"Godbro","$9,258",4,3,1,1
974,"Griffin","$9,250",0,2,2,0
975,"Mash","$9,250",1,2,0,0
976,"xani","$9,242",1,2,1,0
977,"Hieu3","$9,237",0,1,0,0
978,"Wakz","$9,207",3,4,2,0
979,"wuji","$9,195",1,2,2,0
980,"Lourlo","$9,100",1,0,0,0
981,"Touch","$9,093",6,0,2,0
982,"Akabane","$9,058",1,0,1,0
983,"Ceos","$9,057",3,0,3,0
984,"DudsTheBoy","$9,057",3,0,3,0
985,"Asper","$9,026",2,0,1,0
986,"Prismal","$9,000",3,2,1,0
987,"OddOrange","$8,980",1,3,2,0
988,"Cariok","$8,956",2,2,1,0
989,"Rakyz","$8,932",0,5,0,0
990,"Nightmares","$8,856",3,8,2,0
991,"Von","$8,853",2,2,1,0
992,"Plasma","$8,807",4,0,1,0
993,"Divkid","$8,781",0,1,3,0
994,"Dara","$8,781",6,4,0,1
995,"Ggamza","$8,778",4,1,0,0
996,"Tussle","$8,777",4,5,2,1
997,"Delitto","$8,769",3,2,0,0
998,"NoFe","$8,765",0,0,0,0
999,"ppgod","$8,736",0,0,1,0
1000,"Grevthar","$8,726",1,0,0,0
1001,"CozQ","$8,724",1,2,0,0
1002,"Ohq","$8,721",0,0,0,0
1003,"Jester","$8,717",1,2,3,0
1004,"Ophelia","$8,702",1,1,1,0
1005,"beansu","$8,701",2,4,2,0
1006,"HolyPhoenix","$8,698",6,1,0,0
1007,"Stefan","$8,683",2,2,0,0
1008,"Paris","$8,628",3,1,2,0
1009,"Kroghsen","$8,612",11,2,4,0
1010,"Shiganari","$8,590",0,3,0,0
1011,"Pancake","$8,559",1,1,1,0
1012,"Parang","$8,555",1,1,1,0
1013,"Kamilius","$8,546",3,1,1,0
1014,"Sharp","$8,517",4,0,3,0
1015,"Praedyth","$8,500",1,1,0,0
1016,"Pabu","$8,500",1,3,0,0
1017,"Chazz","$8,500",1,1,0,0
1018,"Drobovik123","$8,469",0,2,1,0
1019,"Chapapi","$8,452",8,2,0,0
1020,"Dice","$8,435",1,0,1,0
1021,"WeiZor","$8,407",2,1,1,0
1022,"XinMo","$8,406",1,0,0,0
1023,"QQmore","$8,368",1,4,2,0
1024,"Bloody","$8,358",4,2,2,0
1025,"Route","$8,355",0,0,1,0
1026,"Makler","$8,350",1,0,1,0
1027,"Wolfe","$8,330",1,1,3,0
1028,"Rainbow","$8,283",1,0,1,0
1029,"Kindless","$8,270",2,3,2,0
1030,"Fox","$8,250",1,2,0,0
1031,"Mills","$8,216",2,1,0,0
1032,"Nerroh","$8,180",2,7,0,0
1033,"Xzz","$8,167",0,1,1,0
1034,"TasteLess","$8,152",3,4,0,0
1035,"EvanRL","$8,050",1,2,3,0
1036,"Stunt","$8,000",1,0,1,0
1037,"Blossom","$7,996",1,0,0,0
1038,"k0u","$7,995",3,3,1,0
1039,"Zvene","$7,991",3,1,1,0
1040,"Spirax","$7,980",2,2,2,0
1041,"Katare","$7,974",3,2,0,0
1042,"Mireu","$7,957",1,0,0,0
1043,"EdinPriqtel","$7,892",2,0,1,0
1044,"MightyDragon","$7,876",1,2,0,0
1045,"RoseThorn","$7,800",2,1,2,0
1046,"Plox","$7,788",1,4,2,0
1046,"Ashanome","$7,776",3,5,1,0
1048,"Unho1y","$7,761",1,2,0,0
1049,"Yado","$7,741",1,0,0,0
1050,"Elwind","$7,734",2,0,2,2
1051,"Madness","$7,734",2,0,1,2
1052,"Sedrion","$7,695",0,2,2,0
1053,"Creaton","$7,680",1,0,0,0
1054,"Brayaron","$7,643",4,0,0,0
1055,"Pake","$7,624",0,1,2,0
1056,"Artemis","$7,607",1,1,1,0
1057,"Dajor","$7,596",0,2,0,0
1058,"TheRainMan","$7,540",1,1,2,0
1059,"Hasmed","$7,532",0,1,1,0
1060,"Fitz","$7,384",0,1,1,0
1061,"Vince","$7,368",5,2,0,0
1062,"Dhokla","$7,275",3,2,2,0
1063,"LukasNegro","$7,275",1,5,0,0
1064,"Dimonko","$7,162",0,1,1,0
1065,"Tiger","$7,151",4,1,1,0
1066,"Aku","$7,146",3,7,3,0
1067,"Berserker","$7,128",3,1,0,0
1068,"CaD","$7,094",0,1,0,0
1069,"Yunbee","$7,080",2,1,1,0
1070,"QUICKTIMER","$7,056",2,2,0,0
1071,"Dreedy","$7,036",2,3,1,0
1072,"Matt","$7,000",0,1,0,0
1073,"Clozer","$6,987",0,0,0,0
1074,"Catch","$6,938",2,1,0,0
1075,"kubYD","$6,918",3,0,1,0
1076,"Baula","$6,916",1,5,0,0
1077,"IlllIma","$6,895",4,1,0,0
1078,"Mocha","$6,893",1,0,0,1
1079,"Zhergoth","$6,883",3,4,0,0
1080,"Turtle","$6,877",1,1,1,0
1081,"Chieftain","$6,874",0,1,0,0
1082,"MoMa","$6,860",0,1,0,0
1083,"DuaLL","$6,858",1,1,0,0
1084,"Swip3rR","$6,852",3,7,1,1
1085,"Archie2B","$6,842",0,1,1,0
1086,"Woody","$6,814",0,0,2,0
1087,"Exakick","$6,812",0,1,1,0
1088,"Erry","$6,800",1,1,1,0
1089,"fNb","$6,798",2,3,0,0
1089,"Krastymel","$6,797",2,2,2,0
1089,"Raqo","$6,762",5,5,2,0
1092,"Shinsekai","$6,759",1,0,0,0
1093,"Juhan","$6,757",0,1,2,0
1094,"Goose","$6,738",5,6,1,0
1095,"Albetrayber","$6,714",6,5,3,0
1096,"Leo","$6,713",0,1,0,0
1097,"Brandini","$6,700",3,2,0,0
1098,"MC","$6,692",2,0,0,0
1099,"Khantos","$6,653",0,2,0,0
1100,"Color","$6,645",2,0,0,0
1100,"Damage","$6,632",1,3,1,0
1100,"Nova","$6,609",0,0,1,0
1103,"MadBlade","$6,585",5,3,1,0
1104,"Jree","$6,500",1,0,2,0
1105,"XoNix","$6,499",0,0,1,0
1106,"Rueven","$6,497",1,0,1,0
1107,"Cookie","$6,486",1,3,0,0
1108,"Mia","$6,477",0,1,0,0
1109,"HyBriD","$6,472",0,0,1,0
1110,"UDYSOF","$6,450",1,0,0,0
1111,"Cboi","$6,437",4,4,1,0
1112,"Professor","$6,358",0,2,2,0
1113,"Winston","$6,340",4,3,2,0
1114,"Wardain","$6,325",0,2,1,0
1115,"Roison","$6,322",0,5,3,0
1116,"Sks","$6,321",0,0,0,0
1117,"Raven","$6,304",0,1,0,0
1118,"Kenvi","$6,220",2,1,3,0
1119,"Tenacity","$6,220",2,1,3,0
1120,"Enso","$6,218",0,0,1,0
1121,"Frozen","$6,210",6,1,0,0
1122,"Palafox","$6,200",3,1,0,0
1123,"SOUPerior","$6,200",1,1,0,0
1124,"Care","$6,196",0,1,0,0
1125,"Angush","$6,180",0,0,1,0
1126,"Niles","$6,180",1,1,4,0
1127,"Ippon","$6,124",0,2,2,0
1128,"Rogue","$6,114",2,0,2,0
1129,"Shiphtur","$6,100",0,2,0,0
1130,"Crystal","$6,088",2,2,1,0
1131,"Bruno","$6,082",1,0,0,0
1132,"Jauny","$6,080",4,1,1,0
1133,"twohoyrz","$6,054",1,0,1,0
1134,"Aoi Haru","$6,051",1,0,0,0
1135,"BocaJR","$6,045",2,0,1,0
1136,"Chad","$6,000",1,0,2,0
1137,"OmarGod","$6,000",0,1,1,0
1138,"Eyla","$6,000",3,3,1,0
1139,"Keane","$6,000",1,0,0,0
1140,"Haeri","$6,000",2,3,0,0
1141,"Motive","$5,974",0,0,2,0
1142,"Wink","$5,973",0,0,0,0
1143,"Nolan","$5,949",4,1,0,0
1144,"Joker","$5,945",0,1,2,0
1145,"Rod","$5,932",1,4,0,0
1146,"Nxi","$5,920",3,3,0,0
1147,"Gango","$5,913",0,1,2,0
1148,"Seelame","$5,889",3,3,2,0
1149,"Navio","$5,888",0,1,1,0
1150,"Xaky","$5,887",5,3,1,0
1151,"Martin","$5,883",0,0,0,0
1152,"Ritix","$5,864",1,1,0,0
1153,"M1anhua","$5,862",0,3,0,0
1154,"fearness","$5,862",0,1,0,0
1155,"Wings","$5,862",0,1,0,0
1156,"Soligo","$5,860",3,0,0,0
1157,"Style","$5,853",1,1,0,0
1158,"Crush","$5,833",2,0,0,0
1159,"KronG","$5,832",0,1,0,0
1160,"LeX","$5,832",0,1,1,0
1161,"Weiwei","$5,805",0,0,0,0
1162,"Biubiu","$5,805",0,0,0,0
1163,"Samd","$5,805",0,0,0,0
1164,"xKenzuke","$5,795",1,0,0,0
1165,"SOLKA","$5,793",0,0,1,0
1165,"Zoiren","$5,786",4,2,0,0
1167,"Saviour","$5,731",5,4,0,0
1168,"Astarore","$5,725",3,1,0,0
1169,"Teacherma","$5,664",0,0,0,0
1170,"hyrqBot","$5,650",1,0,1,0
1171,"EnvyCarry","$5,608",1,0,0,0
1172,"Fenfen","$5,604",0,0,0,0
1173,"Maestro","$5,604",0,0,0,0
1174,"Husky","$5,600",0,2,0,0
1175,"Nille","$5,595",1,1,2,0
1176,"Ruby","$5,593",0,2,0,0
1177,"Claire","$5,588",1,3,8,1
1178,"SkyBart","$5,558",0,5,2,0
1179,"Noltey","$5,554",0,4,7,0
1180,"Pride","$5,544",0,2,0,0
1181,"Petland","$5,535",1,2,0,0
1182,"Freire","$5,523",2,0,1,0
1183,"Saulius","$5,510",1,4,1,0
1184,"aesthetic","$5,507",1,1,2,0
1185,"Inition","$5,475",1,2,0,0
1186,"Krakmo","$5,467",1,4,1,0
1187,"MrRalleZ","$5,464",0,0,2,0
1188,"MarioMe","$5,461",2,0,1,0
1189,"Dark Solece","$5,447",0,2,0,0
1190,"Seize","$5,430",0,1,0,0
1190,"Bay","$5,410",0,1,1,0
1190,"Odi11","$5,401",1,0,1,0
1193,"007x","$5,400",1,0,0,0
1194,"Griffon","$5,388",0,2,0,0
1195,"Disave","$5,340",1,0,1,0
1196,"Bradley","$5,340",3,1,0,0
1197,"Prime","$5,322",4,2,0,0
1197,"Erixen","$5,320",4,0,1,0
1199,"Bonnie","$5,311",2,0,1,0
1200,"Kerp","$5,301",1,0,1,0
1201,"Ruvelius","$5,296",2,0,1,1
1202,"Baca","$5,277",1,1,0,0
1203,"Xico","$5,266",2,2,1,0
1204,"Ryuzaki","$5,260",1,3,2,0
1205,"Own3r","$5,236",3,4,0,0
1206,"Miniduke","$5,229",2,1,1,0
1207,"xTyLk","$5,227",1,3,0,0
1208,"Adept","$5,206",1,0,1,0
1209,"Decay","$5,206",1,2,2,0
1210,"Priskornet","$5,197",2,2,1,0
1211,"FATE","$5,183",0,0,2,0
1212,"Anyyy","$5,178",1,0,1,0
1213,"NoXiAK","$5,156",0,0,2,0
1214,"komedyja","$5,144",2,1,0,0
1215,"ActScene","$5,142",0,0,0,0
1216,"Zuao","$5,134",1,0,4,0
1217,"Hauz","$5,128",3,0,0,0
1218,"Rafitta","$5,125",1,1,0,0
1219,"Nestea","$5,113",0,0,1,0
1220,"Mersa","$5,112",2,0,0,0
1221,"Luskka","$5,095",1,1,0,0
1222,"InTreso","$5,068",2,2,0,0
1223,"Baiano","$5,059",0,1,1,0
1224,"FUN k3y","$5,055",0,2,1,0
1225,"Atlanta","$5,020",2,0,0,0
1226,"TopLop","$5,000",2,1,1,0
1227,"Nbs","$5,000",1,0,0,0
1228,"Halo","$5,000",2,2,0,0
1229,"Apii","$5,000",1,1,0,0
1230,"Keshi","$4,994",0,1,0,0
1231,"xCharm","$4,989",0,2,0,0
1232,"Fanatiik","$4,982",1,3,2,0
1233,"FireRain","$4,980",0,0,1,0
1234,"Aoshi","$4,947",0,1,2,0
1235,"Victory","$4,932",0,0,0,0
1236,"Quinncidence","$4,925",2,1,0,0
1237,"Nemky","$4,921",0,2,0,0
1238,"Munckizz","$4,914",4,4,4,0
1239,"Marrow Ooze","$4,903",7,2,1,0
1240,"Unknown","$4,879",2,3,2,0
1241,"JaVaaa","$4,879",1,1,0,0
1242,"Archeny","$4,831",1,1,2,0
1243,"Tyr","$4,829",4,0,1,0
1244,"Zeus","$4,811",1,1,0,0
1245,"Defles","$4,806",0,2,1,0
1246,"Rodov","$4,800",3,2,1,0
1247,"JimieN","$4,800",0,0,1,0
1248,"Xuradel","$4,800",5,1,0,0
1249,"Slyv3r","$4,796",3,4,2,0
1250,"LL","$4,795",0,1,0,0
1251,"Emtest","$4,774",0,2,0,0
1252,"Croco","$4,768",0,0,1,0
1253,"Tutsz","$4,761",1,0,0,0
1254,"ImSoFresh","$4,758",0,1,0,0
1255,"Mimic","$4,757",2,0,1,0
1256,"Reje","$4,743",3,3,0,0
1257,"S0NSTAR","$4,740",0,0,0,0
1258,"Haydal","$4,707",2,5,0,0
1259,"Eren","$4,704",1,4,0,0
1260,"Poulsen","$4,677",1,1,0,0
1261,"Rifty","$4,667",2,4,2,0
1262,"Kabe","$4,664",0,1,0,0
1263,"Afm","$4,651",2,2,1,0
1264,"Phantomles","$4,647",3,1,0,0
1265,"Akunma","$4,640",1,4,0,0
1266,"yijie","$4,618",0,1,1,0
1267,"ACD","$4,616",2,1,1,0
1268,"Cl0x","$4,608",0,4,2,0
1269,"Efias","$4,598",2,2,0,0
1270,"Sephis","$4,597",2,0,0,0
1271,"Reven","$4,589",1,0,0,0
1272,"Mask","$4,578",0,1,0,0
1273,"Skude","$4,573",5,4,0,0
1274,"Youdang","$4,571",1,2,0,0
1275,"ZWuJi","$4,571",0,1,0,0
1276,"Coated","$4,547",0,0,1,0
1277,"ping","$4,532",0,1,0,0
1278,"Tioo","$4,522",1,2,2,0
1279,"Locodoco","$4,470",0,0,0,0
1280,"Rulfchen","$4,466",3,1,0,0
1281,"JinO","$4,458",1,0,0,0
1282,"Kakan","$4,455",4,1,2,0
1283,"Topoon","$4,450",3,0,0,0
1284,"Hadow","$4,435",4,6,3,0
1285,"Azure","$4,434",0,2,0,0
1286,"Flaxxish","$4,418",1,3,0,0
1287,"Zenit","$4,410",0,0,0,0
1288,"LaFleur","$4,401",6,1,0,0
1288,"Cabu","$4,396",1,0,3,0
1290,"Myw","$4,396",1,1,1,0
1291,"Froststrike","$4,395",1,4,0,0
1292,"Guubi","$4,369",1,3,1,0
1293,"Raise","$4,368",1,0,1,0
1294,"Wayne","$4,358",0,1,0,0
1295,"rjs","$4,351",1,0,0,0
1296,"Kine","$4,347",0,2,0,0
1297,"Rakin","$4,338",0,1,1,0
1298,"Once","$4,329",1,0,2,0
1299,"StenBosse","$4,328",3,2,0,0
1300,"Night","$4,320",4,5,0,0
1301,"pbO","$4,315",2,2,1,0
1302,"Kuma","$4,299",0,0,1,0
1303,"Kehvo","$4,242",0,4,1,0
1304,"Shiny","$4,240",2,0,1,0
1305,"Garo","$4,239",1,1,2,0
1306,"IceBreaker","$4,236",3,1,1,0
1307,"Eckas","$4,234",3,1,0,0
1308,"Holo","$4,233",0,0,2,0
1309,"DenVoksne","$4,211",1,1,2,0
1310,"Mirror","$4,201",1,3,0,0
1311,"J0J0C","$4,197",3,2,1,0
1312,"Mexi","$4,189",1,1,0,0
1313,"Kynetic","$4,176",0,2,2,0
1314,"Fraid","$4,167",1,3,1,0
1315,"Random","$4,144",5,1,0,0
1316,"Achuu","$4,137",2,1,2,0
1317,"Zytan","$4,134",3,1,1,0
1318,"Citrus","$4,125",0,1,0,0
1319,"Mewkyo","$4,110",1,0,1,0
1320,"Jatt","$4,100",1,0,2,0
1321,"Moo","$4,093",0,2,0,0
1322,"Tuomari","$4,077",2,3,3,0
1323,"Mirbs","$4,074",1,0,2,0
1324,"Kronos","$4,063",1,2,0,0
1325,"Nobody","$4,063",0,1,0,0
1326,"Kackos","$4,062",0,2,1,0
1327,"Tifa","$4,035",1,3,0,0
1328,"Kyanna","$4,035",1,3,0,0
1329,"Pirean","$4,031",0,1,1,0
1330,"Zeicro","$4,027",1,2,1,0
1331,"Cover","$4,023",0,0,1,0
1332,"Moon","$4,000",0,0,0,0
1333,"Benji","$4,000",0,0,1,0
1334,"Hakuho","$4,000",0,0,1,0
1335,"Bull","$3,997",0,2,0,0
1336,"whiteinn","$3,994",1,2,0,0
1337,"Cheoni","$3,989",0,1,0,0
1338,"Baut","$3,989",0,1,0,0
1339,"Eimy","$3,984",0,0,1,0
1340,"PCL","$3,978",1,4,3,0
1341,"Dreamsu","$3,975",1,1,1,0
1342,"Keysie","$3,966",1,0,0,0
1343,"Lucky","$3,950",1,0,0,0
1344,"Wizer","$3,928",0,0,1,0
1345,"Zica","$3,928",0,0,0,0
1346,"Vicla","$3,903",2,0,0,0
1347,"Tony Top","$3,900",0,2,0,0
1348,"Froggy","$3,898",0,1,0,0
1349,"TH","$3,898",0,0,2,0
1350,"Bullet","$3,885",1,1,2,0
1351,"Spawn","$3,880",1,0,0,0
1352,"Spot","$3,879",0,0,2,0
1353,"Alternative","$3,874",3,2,1,0
1354,"Hantera","$3,863",1,1,0,0
1355,"Dommmy","$3,852",2,2,1,0
1356,"Calm","$3,845",0,1,2,0
1357,"Gear","$3,842",0,0,0,0
1358,"Kit","$3,841",0,1,0,0
1358,"Raxhy","$3,836",1,1,2,0
1360,"Robba","$3,824",3,2,1,0
1361,"Lvsyan","$3,805",1,0,0,0
1362,"LynX","$3,803",2,0,0,0
1363,"Brom","$3,803",0,0,0,0
1364,"Tomo","$3,800",2,1,0,0
1365,"Nyu","$3,797",2,0,2,0
1366,"Grisen","$3,796",2,2,1,0
1367,"Mytheos","$3,788",2,4,3,0
1368,"AndyBendy","$3,779",2,4,3,0
1369,"Yuri","$3,774",0,1,0,0
1370,"Energy","$3,769",4,1,1,0
1371,"Leon","$3,748",0,2,1,0
1372,"APA","$3,732",0,3,2,0
1373,"Kiefer","$3,731",1,1,1,0
1374,"Hiro","$3,727",0,0,0,0
1375,"Oscarinin","$3,726",0,2,0,0
1376,"113","$3,698",2,0,0,0
1377,"Click","$3,695",3,2,0,0
1378,"Sebs","$3,691",4,5,2,0
1379,"Kartis","$3,674",1,0,0,0
1380,"Engo","$3,660",1,0,1,0
1381,"Spookz","$3,656",2,4,1,0
1382,"Swiffer","$3,656",2,4,1,0
1383,"Zamulek","$3,641",0,2,0,0
1384,"BuLLDoG","$3,629",0,2,0,0
1385,"Zwyroo","$3,619",0,1,3,0
1386,"Flare","$3,612",4,0,1,0
1387,"viNylCat","$3,610",0,0,0,0
1388,"Tiara","$3,591",2,2,0,0
1389,"Yusa","$3,587",4,3,7,0
1390,"Only","$3,581",2,3,3,1
1391,"Riss","$3,568",0,1,0,0
1392,"RoyalKanin","$3,565",1,0,0,0
1393,"Sarkis","$3,562",2,0,0,0
1394,"Taurus","$3,531",0,0,1,0
1395,"Hyôrai","$3,521",0,4,0,0
1396,"PaSa","$3,519",0,2,0,0
1397,"DinTer","$3,514",0,0,0,0
1398,"ottovaG","$3,512",7,0,1,0
1399,"Will","$3,500",1,0,0,0
1400,"HungryPanda","$3,490",2,0,1,0
1401,"Poss","$3,487",1,0,0,0
1402,"Choisix","$3,478",1,2,1,0
1403,"SadJesteRRR","$3,476",0,0,0,0
1404,"Only35","$3,470",2,1,0,0
1405,"Storm","$3,452",0,1,0,0
1406,"Valkyrie","$3,452",0,1,0,0
1407,"Viking","$3,437",1,0,0,0
1408,"UNF0RGIVEN","$3,431",1,0,0,0
1409,"Madly","$3,420",1,1,1,0
1410,"Fresskowy","$3,411",0,2,0,0
1411,"CheonGo","$3,410",0,0,0,0
1412,"Mytant","$3,404",0,1,0,0
1413,"Likai","$3,400",0,0,1,0
1414,"Darker","$3,400",0,0,2,0
1415,"Hyoga","$3,384",1,0,1,0
1416,"Lamabear","$3,362",1,0,0,0
1417,"Seraph","$3,356",0,0,1,0
1418,"Array","$3,340",3,1,2,0
1419,"Kadaver","$3,329",6,1,1,0
1420,"BULBAZABP","$3,320",0,1,0,0
1421,"goldento4st","$3,311",1,1,0,0
1422,"Azhi","$3,300",0,0,0,0
1423,"Malunoo","$3,300",0,0,1,0
1424,"extinkt","$3,300",0,0,1,0
1425,"Yursan","$3,300",0,0,2,0
1426,"Minji","$3,300",0,0,0,0
1427,"K2","$3,300",0,0,0,0
1428,"Bardo","$3,276",2,1,2,0
1429,"Hawk","$3,270",1,0,0,0
1430,"Akeno","$3,261",0,0,0,0
1431,"Rebel","$3,257",1,0,0,0
1432,"Wiz","$3,254",1,0,0,0
1433,"Glebo","$3,245",0,0,1,0
1434,"Lmzs","$3,244",1,0,0,0
1435,"Wondro","$3,239",3,2,0,0
1436,"Charger","$3,236",0,0,0,0
1437,"Neo","$3,232",2,0,1,1
1438,"Optimas","$3,222",1,1,0,0
1439,"Srtty","$3,220",1,1,1,0
1440,"Mist","$3,220",1,1,1,0
1441,"Tomio","$3,220",1,2,1,0
1442,"Danny","$3,220",1,1,1,0
1443,"Aspect","$3,220",1,1,1,0
1444,"Destroy","$3,217",0,0,2,0
1445,"Mikkel","$3,214",2,1,2,0
1446,"SkuLL","$3,212",1,0,0,0
1447,"Boomin","$3,206",2,3,0,0
1448,"Raid","$3,196",1,0,2,1
1449,"Impaler","$3,191",0,2,0,0
1450,"Hena","$3,186",0,0,0,0
1451,"Tear","$3,183",0,0,2,0
1452,"dibu","$3,181",3,0,0,0
1453,"Dawn","$3,179",1,0,0,0
1454,"hammann","$3,175",0,1,0,0
1455,"Lilipp","$3,173",0,0,1,0
1456,"ItsCortez","$3,169",0,0,0,0
1457,"Cospect","$3,164",5,0,0,0
1458,"Tak","$3,133",0,1,2,0
1459,"Epic","$3,121",0,0,0,0
1460,"ChosenOne","$3,083",3,0,0,0
1461,"WouLou","$3,070",2,0,2,0
1462,"Supa","$3,065",0,2,0,0
1463,"Nipphu","$3,053",3,1,1,0
1464,"Kryze","$3,051",1,2,0,0
1465,"Stepan","$3,041",0,1,0,0
1466,"WildHeart","$3,031",0,0,1,0
1467,"Vahvel","$3,031",1,0,1,0
1468,"bucu","$3,029",0,1,1,0
1469,"Ripi","$3,029",3,1,0,0
1470,"Kashtelan","$3,025",0,2,2,0
1471,"Genza","$3,023",0,1,0,0
1472,"Saju","$3,019",1,3,1,0
1473,"Laba","$3,018",0,1,1,0
1474,"Chelly","$3,007",0,0,1,0
1475,"Chime","$3,000",2,0,0,0
1476,"Blaze","$3,000",0,1,0,0
1477,"Hard","$3,000",0,1,0,0
1478,"Fill","$3,000",0,1,0,0
1479,"Jojopyun","$3,000",0,1,0,0
1480,"Klaus","$2,984",0,2,0,0
1481,"LeQu","$2,969",0,2,0,0
1482,"styllEE","$2,954",1,2,0,0
1483,"NooB","$2,946",5,3,1,0
1484,"Koldo","$2,937",0,0,0,0
1485,"Turanaga","$2,936",1,0,0,0
1486,"LUBEEENZZZ","$2,936",1,0,0,0
1487,"Monk","$2,927",2,4,5,0
1488,"Prodigy","$2,923",1,2,1,0
1489,"NOsFerus","$2,913",1,1,0,0
1490,"Anechek","$2,911",0,0,0,0
1491,"Roy","$2,910",3,1,2,0
1492,"Arashi","$2,908",0,1,1,0
1493,"Nausicaa","$2,900",1,0,0,0
1494,"Wing","$2,900",0,0,0,0
1495,"Sheo","$2,888",0,2,2,0
1496,"Dragane","$2,865",1,3,0,0
1497,"FlayStation","$2,860",1,1,1,0
1498,"JeongHoon","$2,857",1,0,0,0
1499,"Hoya","$2,850",0,0,0,0
1500,"Jisoo","$2,823",0,1,0,0
1501,"Maxim","$2,819",2,0,0,0
1502,"Elio","$2,819",0,0,1,0
1503,"Draktharr","$2,819",0,0,1,0
1504,"Sof","$2,813",1,0,1,0
1505,"Pun1sher","$2,810",0,4,1,0
1506,"Chris","$2,807",0,3,0,0
1507,"ForellenLord","$2,801",0,0,1,0
1508,"Ablazeolive","$2,800",1,0,1,0
1509,"Dragdar","$2,795",0,0,2,0
1510,"t4nky","$2,756",0,0,2,0
1511,"NUCLEARINT","$2,745",0,1,2,0
1512,"Flakked","$2,736",0,1,0,0
1513,"Bean J","$2,734",1,1,0,0
1514,"Taki","$2,734",1,1,0,0
1515,"LeChase","$2,719",2,2,0,0
1516,"KiWiKiD","$2,700",0,0,0,0
1517,"BroCColi","$2,700",0,0,1,0
1518,"Daption","$2,700",5,0,0,0
1519,"Erasus","$2,698",1,0,0,0
1520,"Orre","$2,696",2,2,0,0
1521,"Hinn","$2,692",0,0,1,0
1522,"Mong","$2,668",0,0,0,0
1523,"Knighter","$2,667",1,1,0,0
1524,"Dragflick","$2,660",1,2,1,0
1525,"Phoenix","$2,649",3,0,1,0
1526,"Aslan","$2,637",0,1,1,0
1527,"Evrot","$2,634",0,1,0,0
1528,"2188","$2,630",0,0,0,0
1529,"RD","$2,629",0,0,1,0
1530,"Kenapil","$2,604",0,4,3,0
1531,"Fomko","$2,569",0,0,1,0
1532,"Tide","$2,563",6,3,0,0
1533,"Marky","$2,560",0,0,0,0
1534,"AnOnPsyCkO","$2,556",1,0,0,0
1535,"Truklax","$2,545",2,4,0,0
1536,"KazeTAR","$2,534",2,1,1,0
1537,"Kuri","$2,526",0,0,0,0
1538,"Domas","$2,517",2,1,1,0
1539,"Balkhan","$2,512",1,0,0,0
1540,"neny","$2,506",0,0,1,0
1541,"xiaoyueji","$2,506",0,0,1,0
1542,"Arnax","$2,505",1,1,0,0
1543,"Paolocannone","$2,500",0,0,2,0
1544,"Mercenary","$2,494",0,0,0,0
1545,"DarkSide","$2,480",0,1,0,0
1546,"Urban","$2,478",2,1,1,0
1546,"Eœcik","$2,473",0,2,0,0
1548,"EGym","$2,460",1,4,0,0
1549,"Praelus","$2,459",1,0,0,0
1550,"Bisbo","$2,456",1,0,0,0
1551,"Hidan","$2,456",1,0,1,0
1552,"Ic0nic","$2,450",2,1,2,0
1553,"Yoon","$2,450",0,1,0,0
1554,"Xavieles","$2,448",1,2,1,0
1555,"Pepiinero","$2,443",1,0,0,0
1556,"JF","$2,433",0,1,0,0
1557,"Wojtuœ","$2,421",1,0,0,0
1558,"ShLaYa","$2,409",0,0,0,0
1559,"Lautemortis","$2,400",0,0,0,0
1560,"Yusin","$2,399",0,0,1,0
1561,"InKos","$2,390",1,1,1,0
1562,"MyKey","$2,389",0,0,0,0
1563,"Leodaras","$2,381",2,0,0,0
1564,"Allorim","$2,378",0,2,1,0
1565,"Rybson","$2,377",0,1,2,0
1566,"CaiPi","$2,373",1,0,0,0
1567,"Benaset","$2,368",8,1,0,0
1568,"Gagai","$2,367",1,2,0,0
1569,"Canee","$2,360",0,0,0,0
1570,"Majd","$2,344",2,0,0,0
1571,"Sylvie","$2,343",0,1,2,0
1572,"FIESTA","$2,343",0,1,2,0
1573,"DnDn","$2,343",0,1,2,0
1574,"Practice","$2,315",3,1,0,0
1575,"Jiangqiao","$2,308",0,0,1,0
1576,"Trigo","$2,297",1,1,0,0
1577,"Bako","$2,289",0,3,1,0
1578,"Hiro","$2,287",3,1,2,0
1579,"Tulz","$2,287",1,1,1,0
1580,"Fallen","$2,282",2,0,1,0
1581,"FatMamma","$2,280",0,0,0,0
1582,"Noodle","$2,273",2,0,0,0
1583,"zty","$2,266",2,1,0,0
1584,"Kxng","$2,261",1,0,0,0
1585,"Keine","$2,237",0,0,0,0
1586,"Joekie","$2,218",1,4,1,0
1587,"Potter","$2,213",1,1,2,0
1588,"Skeden","$2,210",1,2,0,0
1589,"Noah","$2,201",1,0,0,0
1589,"Sevenarmy","$2,201",0,0,0,0
1589,"Castle","$2,201",1,0,0,0
1592,"Giyuu","$2,200",0,2,0,0
1593,"Duoking","$2,200",1,3,0,0
1594,"Evolved","$2,200",1,2,0,0
1595,"Namex","$2,191",0,5,0,0
1596,"Kanji","$2,187",0,0,2,0
1597,"Aithusa","$2,173",1,0,1,0
1598,"Brance","$2,173",1,0,1,0
1599,"Cdric","$2,171",0,1,0,0
1600,"Rufus","$2,170",3,1,1,0
1600,"Twiizt","$2,155",2,2,2,0
1600,"Kiari","$2,154",0,1,0,0
1603,"Strompest","$2,150",3,2,2,0
1604,"Sardoche","$2,137",0,1,1,0
1605,"Zhandia","$2,131",1,1,1,0
1606,"Shine","$2,106",1,0,0,0
1607,"Swordd","$2,100",0,0,1,0
1608,"Clear","$2,090",0,1,0,0
1609,"Gimliques","$2,088",0,0,0,0
1610,"Tatuy","$2,087",2,0,2,0
1611,"Lebron","$2,080",0,3,0,0
1612,"Sawyor","$2,064",1,2,0,0
1613,"Mihai","$2,053",1,0,0,0
1614,"Camilonicolau","$2,052",3,0,0,0
1615,"Baba","$2,047",1,2,1,0
1616,"Rocklho","$2,045",1,1,0,0
1617,"Duclou","$2,045",0,0,0,0
1618,"Bible","$2,041",2,0,0,0
1619,"Eddie","$2,040",0,0,1,0
1620,"SlowQ","$2,037",1,0,0,0
1621,"Qwacker","$2,035",1,2,0,0
1622,"Art","$2,034",1,0,1,0
1623,"Yashiro","$2,034",1,1,1,0
1624,"svns","$2,027",1,0,0,0
1625,"Lenny","$2,022",2,0,2,0
1626,"Laynel","$2,021",0,1,0,0
1627,"Miracle","$2,021",0,0,0,0
1628,"JeppeHou","$2,018",2,4,0,0
1629,"D4nKa","$2,015",0,0,0,0
1630,"Sidnik","$2,015",0,0,0,0
1631,"Hollow","$2,010",0,2,1,0
1632,"Ploxy","$2,002",4,2,1,0
1633,"FakeGod","$2,000",1,0,0,0
1634,"TF Blade","$2,000",1,1,0,0
1635,"Gate","$2,000",0,0,1,0
1636,"Zikz","$2,000",0,0,0,0
1637,"Driver","$2,000",0,0,0,0
1638,"Katsurii","$2,000",1,0,2,0
1639,"Kevy","$2,000",0,2,0,0
1640,"wingsofdeathx","$2,000",0,0,0,0
1641,"Keel","$2,000",1,0,0,0
1642,"Thien","$2,000",1,1,2,0
1643,"Snurmi","$1,995",2,0,0,0
1644,"Michlit","$1,981",2,0,0,0
1645,"Mindrago","$1,981",2,0,0,0
1646,"MoonBlack","$1,973",0,0,0,0
1647,"Seffe","$1,964",0,0,1,0
1648,"Kuroko","$1,962",0,0,0,0
1649,"Sybol","$1,954",0,2,1,0
1650,"Dambaj","$1,950",0,0,1,0
1651,"Worst","$1,947",3,2,1,0
1652,"Shmebulock","$1,946",1,0,0,0
1653,"Baloo","$1,935",1,0,1,0
1654,"Migab","$1,931",6,0,0,0
1655,"Reborn","$1,929",2,2,0,0
1656,"HyoJun","$1,929",2,2,0,0
1657,"Czypsy","$1,906",0,0,2,0
1658,"Azitor","$1,901",2,3,1,0
1659,"Yameru","$1,901",1,3,1,0
1660,"Zelt","$1,895",5,2,1,0
1661,"Agentas","$1,894",1,2,1,0
1662,"Jaxplank","$1,876",1,2,0,0
1663,"Piter Pokir","$1,875",0,0,0,0
1664,"Justice","$1,870",0,0,0,0
1665,"Dragon","$1,867",1,0,0,0
1665,"Morsu","$1,862",0,1,0,0
1667,"DrMatt","$1,862",1,0,0,0
1668,"Brizz","$1,862",1,2,0,0
1669,"Demon","$1,862",1,0,0,0
1670,"Arrietty","$1,862",1,1,0,0
1671,"Wind","$1,856",0,0,0,0
1672,"Poeza","$1,856",1,0,0,0
1673,"Selfway","$1,855",0,1,2,0
1674,"ST3PZ","$1,847",0,2,1,0
1675,"Tyrin","$1,847",0,1,1,0
1676,"bydeki","$1,843",0,0,1,0
1677,"Robocop","$1,843",2,1,0,0
1678,"Jkalam","$1,842",2,1,1,0
1679,"GIDEON","$1,842",0,0,0,0
1680,"Diablo","$1,836",1,3,0,0
1681,"Acerola","$1,835",1,2,1,0
1682,"Bushy","$1,823",3,0,0,0
1683,"Aquasonic","$1,812",4,0,0,0
1684,"Lynkez","$1,808",0,1,0,0
1685,"Pullbae","$1,804",1,0,0,0
1686,"B1ven","$1,800",0,0,0,0
1687,"Nikolex","$1,790",0,1,2,0
1688,"Hoiz","$1,788",0,0,2,0
1689,"Blue","$1,785",2,1,0,0
1690,"PiOk","$1,781",1,4,0,0
1690,"Eyliph","$1,780",0,1,0,0
1690,"Clever","$1,779",0,0,0,0
1693,"Nisbeth","$1,767",1,0,0,0
1694,"Airwaks","$1,766",1,1,0,0
1695,"Steve","$1,760",0,0,1,0
1696,"Alexx","$1,757",1,1,0,0
1697,"Pleata","$1,753",2,0,0,0
1697,"BAO","$1,753",2,0,0,0
1699,"Lindgarde","$1,753",0,1,0,0
1700,"Proud","$1,753",0,0,0,0
1701,"Lodi","$1,752",2,1,0,0
1702,"BreadMan","$1,752",2,1,0,0
1703,"Moham","$1,752",2,1,0,0
1704,"DrChaos","$1,750",1,1,0,0
1705,"Uloper","$1,748",1,0,0,0
1706,"iLevi","$1,746",2,0,0,0
1707,"Shogun","$1,742",0,3,6,0
1708,"Raxon","$1,736",0,4,1,0
1709,"Gabbo","$1,733",2,2,0,0
1710,"Cozy","$1,730",3,2,0,0
1711,"Peter","$1,726",0,0,1,0
1712,"Vital","$1,726",0,1,1,0
1713,"LOCKIE","$1,720",1,0,1,0
1714,"Souli","$1,714",0,0,1,0
1715,"Dimill","$1,714",0,0,0,0
1716,"Lumerion","$1,712",1,2,0,0
1717,"St1ng","$1,712",0,0,1,0
1718,"Merza","$1,708",2,1,2,0
1719,"Fittle","$1,707",1,1,0,0
1720,"Links","$1,700",2,0,0,0
1721,"Matty","$1,700",3,0,2,0
1722,"Gorica","$1,692",0,2,1,0
1723,"Outlandisch","$1,688",0,2,0,0
1724,"Thanatos","$1,686",1,0,0,0
1725,"Lucid","$1,686",1,0,0,0
1726,"Siler","$1,679",0,0,0,0
1727,"5Kid","$1,671",0,0,0,0
1728,"Lastwolf","$1,671",1,1,1,0
1729,"Arin","$1,664",0,0,0,0
1730,"bit1","$1,664",0,0,0,0
1731,"Xypherz","$1,663",0,0,0,0
1732,"Air","$1,651",1,1,0,0
1733,"Dinoricar","$1,635",1,1,0,0
1734,"Slayer","$1,632",5,3,0,0
1735,"Mayhem","$1,626",0,1,0,0
1736,"Manaty","$1,613",1,0,0,0
1737,"euna","$1,601",2,0,2,0
1738,"Sheep","$1,600",0,0,0,0
1739,"OTTO","$1,600",0,1,0,0
1740,"Johnsun","$1,600",0,0,0,0
1741,"Insanity","$1,600",0,0,0,0
1742,"jinjo","$1,592",0,4,1,0
1743,"Joekerism","$1,588",0,1,4,0
1744,"Kanna","$1,583",1,1,0,0
1745,"Khynm","$1,582",1,1,1,0
1746,"Marfz","$1,579",0,1,0,0
1747,"Looca","$1,566",1,1,0,0
1748,"Flipper","$1,557",0,1,1,0
1749,"KemKen","$1,557",1,0,0,0
1750,"Bung","$1,555",1,0,1,0
1751,"Xiao17","$1,550",0,0,0,0
1752,"1xn","$1,550",0,0,0,0
1753,"GYX","$1,550",0,0,0,0
1754,"Unravel","$1,550",0,0,0,0
1755,"Artum","$1,549",0,1,0,0
1756,"Yazmat","$1,549",0,1,0,0
1757,"Croc","$1,540",0,1,2,0
1758,"Nomi","$1,538",1,2,0,0
1759,"LongB","$1,526",1,0,0,0
1760,"Bardito","$1,516",2,0,1,0
1761,"Adryh","$1,514",1,0,0,0
1762,"Glory","$1,511",0,0,0,0
1763,"TheTess","$1,501",0,1,0,0
1764,"Skyyart","$1,500",0,0,1,0
1765,"Zeypher","$1,500",0,6,1,0
1766,"Mke","$1,498",1,1,0,0
1767,"Silas","$1,494",1,1,2,0
1768,"Juzinho","$1,492",1,0,0,1
1769,"Warszi","$1,491",0,1,1,0
1770,"Pak","$1,482",0,3,0,0
1771,"JackPoT","$1,471",1,0,0,0
1772,"irma","$1,465",0,1,0,0
1773,"Mingjing","$1,465",0,0,0,0
1774,"View","$1,465",0,0,1,0
1775,"New","$1,465",0,1,0,0
1776,"CyraXx","$1,465",0,0,0,0
1777,"Dany","$1,463",1,2,0,0
1778,"Appen","$1,461",1,3,1,0
1779,"Dawidsonek","$1,449",0,0,0,0
1780,"Soren","$1,443",0,1,0,0
1781,"Paladin","$1,441",0,0,0,0
1782,"Nazgul","$1,438",0,1,0,0
1783,"DahVys","$1,437",1,0,0,0
1784,"Meaning","$1,435",2,2,0,0
1785,"Igloo","$1,434",0,1,0,0
1786,"Librid","$1,431",2,0,0,0
1787,"Rawbin","$1,431",3,1,1,0
1788,"Rein","$1,419",0,0,0,0
1788,"Backlund","$1,418",1,0,0,0
1790,"WildPanda","$1,415",0,2,0,0
1791,"Teeen","$1,415",0,0,1,0
1792,"Octomalus","$1,413",1,1,0,0
1793,"Dinka","$1,410",1,0,1,0
1794,"ZombieKungen","$1,410",1,0,0,0
1795,"Paladin","$1,408",0,0,1,0
1796,"Skeeto","$1,402",2,3,1,0
1797,"Barrage","$1,400",2,1,1,0
1798,"RBM","$1,400",0,1,1,0
1799,"Chemera","$1,398",1,0,1,0
1800,"WooFe","$1,396",0,2,1,0
1801,"flare","$1,379",1,0,1,0
1802,"Soboro","$1,377",1,1,0,0
1803,"Sanity","$1,372",1,1,2,0
1804,"Aesenar","$1,371",0,1,0,0
1805,"Findus","$1,363",0,1,1,0
1806,"Dred","$1,362",1,1,3,0
1807,"Jaunatis","$1,355",1,1,0,0
1808,"Balkane","$1,347",0,0,0,0
1809,"Maynter","$1,347",0,0,0,0
1810,"Blue45ty","$1,346",0,1,0,0
1811,"Snuggli","$1,339",0,0,1,0
1812,"KroMAX","$1,337",0,0,0,0
1813,"Follow","$1,321",4,1,0,0
1814,"Shaoran","$1,320",0,0,0,0
1815,"Numandiel","$1,313",1,1,3,0
1816,"Chibs","$1,306",0,3,6,0
1817,"Warden","$1,301",0,0,1,0
1818,"HaRleLuYaR","$1,300",0,0,0,0
1819,"Thinkcard","$1,300",0,1,0,0
1820,"Do1u1u","$1,300",0,0,0,0
1821,"Punisher","$1,297",0,0,0,0
1822,"HHNeverLucky","$1,296",2,5,0,0
1823,"KRP","$1,288",0,1,1,0
1824,"zhii","$1,283",1,1,0,0
1825,"Tibor","$1,272",2,0,0,0
1826,"Speedy","$1,266",0,2,0,0
1827,"Lotus","$1,266",1,1,0,0
1828,"Wylenz","$1,257",0,6,1,0
1829,"Kennedys","$1,248",0,0,1,0
1830,"Eign","$1,246",2,0,0,0
1831,"Peach","$1,246",2,0,0,0
1832,"Kabamarru","$1,235",0,4,0,0
1833,"Wolf","$1,235",1,2,0,0
1834,"Fisher","$1,233",2,1,0,0
1835,"Zzk","$1,231",1,1,0,0
1836,"Meager","$1,224",0,1,2,0
1837,"Asta","$1,223",2,1,0,0
1838,"Bobo","$1,218",0,0,1,0
1839,"Vizility","$1,212",0,1,0,0
1840,"Xyraz","$1,202",1,1,1,0
1841,"Rx Dye","$1,201",0,1,1,0
1842,"Lesmart","$1,200",2,0,0,0
1843,"BarneyD","$1,200",0,0,1,0
1844,"EquivocaL","$1,200",0,0,0,0
1845,"Lunar","$1,183",0,1,2,0
1846,"Busio","$1,180",0,0,1,0
1847,"Carbono","$1,180",0,0,1,0
1848,"Vaynedeta","$1,167",0,1,1,0
1849,"Young","$1,160",0,1,3,0
1850,"Slugger","$1,155",0,0,0,0
1851,"Shark","$1,155",0,0,0,0
1852,"H4cker","$1,154",0,0,1,0
1853,"Kind","$1,150",1,0,1,0
1854,"Stratospanda","$1,144",1,1,0,0
1855,"Lian","$1,141",0,1,2,0
1856,"Philip","$1,140",0,0,0,0
1857,"KonDziSan","$1,139",0,1,1,0
1858,"Meleks","$1,128",0,0,1,0
1858,"KOOLBERG","$1,122",0,2,1,0
1860,"Dummy","$1,121",0,0,2,0
1861,"FatShield","$1,121",0,0,2,0
1862,"Saitam","$1,120",0,0,2,0
1863,"ToongE","$1,117",1,2,0,0
1864,"Garp","$1,116",1,2,1,0
1865,"Sirinox","$1,113",1,2,2,0
1866,"PatkicaA","$1,111",0,1,0,0
1867,"Boal","$1,108",1,0,0,0
1868,"Spontexx","$1,106",1,0,0,0
1869,"Endz","$1,105",4,1,2,0
1870,"Eden Fox","$1,104",0,2,1,0
1871,"Zappy","$1,100",0,0,1,0
1872,"Woodboy","$1,099",0,0,1,0
1873,"Champen","$1,084",1,0,0,0
1874,"Fax","$1,082",0,1,0,0
1875,"Comet","$1,079",0,0,0,0
1876,"Unforgiven","$1,076",0,0,1,0
1877,"Hoglet","$1,076",0,1,2,0
1878,"Lingwi","$1,071",0,1,0,0
1879,"Diplex","$1,066",1,0,3,0
1880,"Prelude","$1,064",0,0,1,0
1881,"Symphony","$1,063",0,0,1,0
1882,"Dedrayon","$1,060",0,0,0,0
1883,"Blizz","$1,059",1,0,3,0
1884,"Malice","$1,056",0,0,0,0
1885,"Kaylem","$1,056",0,1,0,0
1886,"bAZZILISKS","$1,054",1,2,0,0
1887,"Nafkelah","$1,049",0,0,1,0
1888,"Pat","$1,018",2,0,1,0
1889,"Juves","$1,014",0,0,2,0
1890,"Last","$1,010",0,0,0,0
1891,"Charca","$1,002",1,1,0,0
1892,"Serin","$1,000",2,1,0,0
1893,"Shok","$1,000",0,1,2,0
1894,"Midbeast","$1,000",0,1,0,0
1895,"TOPKING","$1,000",0,0,0,0
1896,"Zothve","$1,000",0,0,1,0
1897,"Gunkrab","$1,000",1,0,1,0
1898,"StarScreen","$1,000",3,2,0,0
1899,"Farfetch","$1,000",2,0,0,0
1900,"Ferret","$1,000",2,1,0,0
1901,"Swathe","$1,000",0,0,1,0
1902,"Dragku","$1,000",0,0,2,0
1903,"SkyTec","$1,000",0,0,0,0
1904,"Horus","$1,000",3,1,0,0
1905,"Tsiperakos","$998",0,1,0,0
1906,"Blacky","$996",1,1,0,0
1907,"Xeonerr","$995",0,0,0,0
1908,"Klydex","$988",1,2,0,0
1909,"apaMEN","$984",1,4,5,1
1910,"Creon","$983",0,1,2,0
1911,"Jun","$981",1,0,0,0
1912,"Marlon","$980",0,1,0,0
1913,"DRIFTER","$967",1,0,0,0
1914,"Sangchu","$965",1,0,0,0
1915,"Brona","$965",1,0,0,0
1916,"Pout","$965",1,0,0,0
1917,"Monarca","$965",1,0,0,0
1918,"darkchri","$962",2,1,0,0
1919,"Speedo","$960",1,1,1,0
1920,"Jackspektra","$957",0,0,0,0
1921,"Emiw","$952",1,0,2,0
1922,"Jaylink","$949",1,0,1,0
1923,"Cao","$940",0,0,1,0
1924,"Naerea","$934",2,1,1,0
1925,"Homi","$933",0,3,0,0
1926,"Ordno","$930",0,3,2,0
1927,"Psclly","$930",0,1,2,0
1928,"Roamer","$926",1,2,0,0
1929,"StormFury","$925",0,0,0,0
1930,"Sacrifice","$918",2,0,0,0
1931,"Sajator","$918",2,0,0,0
1932,"Beenie","$914",0,1,0,0
1933,"Quid","$913",2,0,0,0
1934,"Lospa","$913",2,0,0,0
1935,"Jaqen","$913",0,0,0,0
1936,"Winner","$913",2,0,0,0
1937,"Taeyoon","$910",1,0,0,0
1938,"Netuno","$909",1,0,0,0
1939,"Naxxy","$907",0,3,1,0
1940,"Jenxas","$907",0,0,0,0
1941,"Delight","$903",1,0,0,0
1942,"Snaker","$901",0,2,0,0
1943,"Hyami","$900",0,0,0,0
1944,"Patience","$900",0,0,0,0
1945,"Instinct","$900",0,0,1,0
1946,"Catjug","$900",0,0,0,0
1947,"Toland","$899",1,0,1,0
1948,"Howling","$899",1,0,1,0
1949,"Enga","$893",2,1,1,0
1950,"Bounty","$891",2,0,0,0
1951,"Guertas","$886",1,0,3,0
1952,"StarSpring","$885",0,1,0,0
1953,"Enty","$884",1,3,6,1
1954,"Winsome","$883",1,1,0,0
1955,"Velja","$876",0,0,0,0
1956,"Cacon","$874",0,0,0,0
1957,"Aomine","$874",0,0,0,0
1958,"Raizins","$869",0,1,1,0
1959,"Lewus","$866",0,0,0,0
1960,"Feedarias","$864",1,2,0,0
1961,"Raven","$854",0,0,2,0
1962,"zezpez","$851",0,0,0,0
1963,"Raheen","$850",0,1,1,0
1964,"Meech","$850",0,1,1,0
1965,"Rhino","$850",0,1,1,0
1966,"Helper","$849",0,0,0,0
1967,"KongMing","$849",1,2,0,0
1968,"HamBak","$849",1,1,0,0
1969,"Loopy","$843",0,1,0,0
1970,"Gamin","$843",0,1,0,0
1971,"Raptor","$843",0,1,0,0
1972,"Feisty","$843",0,1,0,0
1973,"Godux","$838",1,1,0,0
1974,"Deluxe","$837",0,1,0,0
1975,"Fl4mer","$834",3,0,1,0
1976,"Dimitry","$820",0,0,0,0
1977,"Vaunted","$814",0,0,0,0
1978,"A M U S E 4","$804",1,1,0,0
1979,"Meron","$804",2,3,0,0
1980,"SimSin","$801",1,0,0,0
1981,"Metalx","$801",0,0,1,0
1982,"Yusui","$800",0,0,0,0
1983,"Kiy1n9","$800",0,0,0,0
1984,"Shera","$800",0,0,0,0
1985,"Gariaru","$800",0,1,2,0
1986,"Jukes","$800",0,0,0,0
1987,"Rex","$800",0,0,0,0
1988,"Piloto","$795",0,0,0,0
1989,"Harpoon","$795",0,0,0,0
1990,"KuKu","$788",0,0,0,0
1991,"Gotzy","$781",0,1,4,0
1992,"Veignorem","$777",1,1,0,0
1993,"Khomzar","$776",0,0,0,0
1994,"Valhalla","$776",0,0,0,0
1995,"Jakamaka","$772",0,0,0,0
1996,"Riron","$766",0,0,1,0
1997,"Hioss","$763",0,1,0,0
1998,"Peppe","$762",0,1,2,0
1999,"BB Muffin","$755",1,0,0,0
2000,"ATRemains","$754",0,1,1,0
2001,"ItzRenifer","$748",0,0,0,0
2002,"WaenA","$743",1,2,1,0
2002,"Calmsky","$743",0,1,2,0
2002,"Kinn","$743",0,1,0,0
2005,"yOFT","$739",0,0,2,0
2006,"Bendix","$736",0,1,3,0
2007,"Seal","$726",0,0,2,0
2008,"FlashInTheNight","$721",0,0,0,0
2009,"Panda","$720",1,0,0,0
2010,"Governor","$717",0,1,1,0
2011,"Sloth","$713",2,0,0,0
2012,"Viketox","$710",0,0,0,0
2013,"Sybr","$705",0,2,0,0
2014,"Pain","$702",0,1,0,0
2014,"Sly","$702",0,1,0,0
2014,"Chalice7","$702",0,1,0,0
2014,"Meng","$702",0,1,0,0
2014,"Mish","$702",0,1,0,0
2019,"Gastruks","$700",2,1,0,0
2019,"Ceo","$700",0,0,0,0
2019,"Shu Hari","$700",0,0,0,0
2019,"Zerito","$700",0,0,0,0
2023,"Conse","$696",1,2,1,0
2023,"HmlssMaster","$696",1,1,0,0
2025,"Adiss","$691",1,1,0,0
2025,"BeBopBulli","$691",0,1,1,0
2027,"Rillyaviel","$686",0,0,0,0
2027,"ORION","$686",0,0,0,0
2027,"Kenal","$686",0,0,0,0
2027,"Vakulich","$686",0,0,0,0
2027,"Madrid1st","$686",0,0,0,0
2027,"Imperial","$686",0,0,0,0
2027,"Romuka","$686",0,0,0,0
2027,"Get Lost","$686",0,0,0,0
2035,"ChangeName","$682",0,1,0,0
2036,"DNA","$680",0,0,1,0
2036,"Dragoon","$680",1,0,1,0
2038,"Soul","$674",0,0,0,0
2039,"PekiDo","$661",0,0,0,0
2039,"FeeNiixZ","$661",0,1,0,0
2039,"Sericus","$661",0,0,0,0
2039,"6ax","$661",0,0,0,0
2043,"Lagiah","$658",0,2,0,0
2044,"Korpse","$650",1,0,0,0
2044,"Rare","$650",1,0,0,0
2046,"Gaboesh","$649",1,0,0,0
2046,"Gricek","$649",0,0,0,0
2048,"Facen","$645",0,2,0,0
2049,"Forest","$642",1,1,0,0
2049,"Dal","$642",1,1,0,0
2049,"Minous","$642",1,1,0,0
2049,"Smash","$642",1,1,0,0
2053,"Eragon","$641",0,1,0,0
2054,"Welcom","$626",1,0,0,0
2054,"MjrDee","$626",0,0,1,0
2056,"vvarion","$618",0,0,0,0
2057,"Enel","$616",0,0,0,0
2058,"Gaaloul","$610",0,1,0,0
2059,"Shin","$607",2,0,0,0
2059,"Tezaret","$607",2,1,0,0
2059,"Yur4ik","$607",2,0,0,0
2062,"Rubi0o","$601",0,1,0,0
2063,"WeiLun","$600",0,0,0,0
2063,"chen9","$600",0,1,0,0
2063,"Shade","$600",0,4,0,0
2063,"Kusuo","$600",0,0,0,0
2063,"Bush","$600",0,0,0,0
2063,"YourRiver","$600",0,0,0,0
2069,"Piwek","$599",0,1,0,0
2070,"Mousty","$596",0,0,0,0
2070,"Bankai","$596",0,0,0,0
2072,"Onyoz","$579",1,0,0,0
2073,"Ardes","$570",0,1,0,0
2074,"Straight","$563",0,1,0,0
2075,"OMON","$561",0,0,2,0
2075,"Joep","$561",0,0,2,0
2075,"Infoneral","$561",0,0,2,0
2078,"Crazycaps","$558",0,0,0,0
2079,"Goot","$552",0,1,0,0
2079,"Kick","$552",0,1,0,0
2079,"Betao","$552",0,1,0,0
2082,"Hyper","$550",0,0,2,0
2083,"Vayu","$549",1,0,0,0
2084,"Heroic","$545",4,0,1,0
2085,"Crowno","$541",2,1,0,0
2086,"Barcode","$537",0,0,0,0
2087,"Muru","$535",1,0,0,0
2088,"Dasher","$533",0,1,0,0
2088,"OdduGi","$533",0,0,0,0
2090,"Ruf","$530",0,1,0,0
2090,"BetongJocke","$530",0,0,0,0
2092,"DarkWings","$528",0,1,1,0
2093,"Safir","$520",0,0,0,0
2094,"Spectral","$518",1,1,0,0
2095,"Toison","$513",0,1,1,0
2096,"Focus","$511",1,0,0,0
2096,"Photon","$511",2,0,0,0
2098,"Wixxi","$510",1,1,0,0
2099,"Bartiono","$508",0,0,0,0
2100,"Bini","$505",0,0,0,0
2100,"Harp","$505",0,0,0,0
2100,"Jool","$505",0,0,0,0
2103,"Betsy","$500",0,0,0,0
2103,"ProDelta","$500",0,2,0,0
2103,"BeNw","$500",0,0,0,0
2106,"EMENES","$496",2,0,0,0
2106,"Drop","$496",0,0,0,0
2108,"Scuro","$489",0,0,0,0
2109,"Jonsonny","$488",0,2,2,0
2109,"Dehaste","$488",2,3,0,0
2111,"Wao","$481",1,0,0,0
2112,"Lunddorf","$477",0,2,0,0
2112,"Dizzy","$477",0,0,1,0
2114,"Harumi","$474",0,0,0,0
2115,"ThintoN","$471",0,0,3,0
2116,"Galben","$468",0,0,0,0
2117,"Cacah","$466",1,0,0,0
2118,"Jean Mago","$463",1,1,0,0
2119,"PFI","$462",0,1,1,0
2120,"CptShrimps","$460",0,1,3,0
2121,"Denzel","$453",0,1,0,0
2121,"POILK","$453",0,1,0,0
2123,"Fizzi","$450",0,0,0,0
2124,"Dipzey","$449",0,2,0,0
2125,"SunSieu","$448",0,0,0,0
2125,"Kiao","$448",3,2,1,0
2125,"Rowelly","$448",3,2,1,0
2128,"Mirmoooo","$437",0,0,1,0
2129,"Julbu","$436",1,0,0,0
2130,"Elusion","$434",0,0,0,0
2130,"Reversed","$434",0,0,0,0
2132,"MeLikePanda","$428",0,1,2,0
2133,"Nasser","$422",0,1,1,0
2134,"LukaLux","$421",0,0,0,0
2134,"Seonbi","$421",0,0,0,0
2136,"Gralou","$420",0,2,0,0
2137,"AcceZ","$419",0,1,0,0
2137,"griff","$419",0,1,0,0
2139,"Motroco","$412",0,0,0,0
2140,"AlphaCloud","$411",0,1,0,0
2140,"Stanniez","$411",0,1,0,0
2140,"Witsyy","$411",0,1,0,0
2140,"Mafab","$411",0,1,0,0
2144,"LagsAlot","$401",0,0,0,0
2145,"KASAPINA","$400",0,1,0,0
2145,"Dodo","$400",0,0,0,0
2145,"TeamLuke","$400",0,0,0,0
2145,"Takeover","$400",0,1,1,0
2145,"Cresho","$400",0,0,0,0
2145,"Xeno","$400",0,0,0,0
2145,"Maplestreet","$400",0,0,0,0
2145,"Mirai","$400",2,0,2,0
2145,"Zihan","$400",0,0,0,0
2145,"Phantoml0rd","$400",0,0,0,0
2155,"Lakinther","$399",1,0,0,0
2156,"Eyhro","$398",0,0,2,0
2156,"Rhobalas","$398",1,0,0,0
2158,"Jhinsane","$395",0,0,0,0
2159,"Noma","$392",1,3,2,0
2160,"Seb","$389",0,0,0,0
2161,"alleycat","$387",0,0,1,0
2161,"Recap","$387",0,1,1,0
2161,"Haretti","$387",1,1,2,1
2164,"Carlsen","$383",0,0,1,0
2164,"Mixsi","$383",0,0,1,0
2164,"Rylle","$383",0,0,1,0
2164,"RotteBengi","$383",0,0,1,0
2168,"Cathrine","$369",1,1,0,0
2169,"Taara","$363",0,0,0,0
2170,"YamatoCannon","$360",0,0,0,0
2171,"Piero","$357",0,1,0,0
2171,"Blaise","$357",0,0,0,0
2171,"Decky","$357",0,1,0,0
2174,"Disamis","$356",0,0,0,0
2174,"Yupps","$356",0,0,0,0
2174,"Ravenzin","$356",0,0,0,0
2174,"Cavalo","$356",0,0,0,0
2178,"AMOUR FAYA","$351",0,0,0,0
2178,"Kamil","$351",0,2,0,0
2180,"Neephesto","$349",0,0,0,0
2181,"Mido","$347",0,1,0,0
2182,"Athyz","$340",1,0,0,0
2183,"Poppy","$339",0,0,0,0
2184,"Hachiman","$333",0,0,0,0
2185,"Redentor","$327",0,0,0,0
2186,"Luana","$325",0,3,0,0
2187,"Naruterador","$324",0,1,0,0
2188,"Rebengga","$315",1,1,0,0
2189,"cowTard","$314",0,1,0,0
2190,"Sky","$283",0,2,0,0
2191,"Zaphyr","$280",0,1,0,0
2192,"Zeussak","$276",0,1,2,0
2193,"Travanques","$275",0,1,3,0
2194,"Hugato","$270",0,0,0,0
2195,"Haze","$269",0,1,0,0
2196,"Burry","$264",0,1,0,0
2196,"MapSSi","$264",0,1,0,0
2196,"BaeKHo","$264",0,1,0,0
2199,"Vitin","$260",0,0,0,0
2200,"FENZ1","$258",0,0,0,0
2200,"S1d","$258",0,1,0,0
2202,"Ksaez","$254",0,0,1,0
2203,"Merit","$251",0,1,0,0
2203,"Dracxar","$251",0,1,0,0
2203,"Zzanggu","$251",0,1,0,0
2206,"Sheepy","$250",0,0,0,0
2206,"Belgianbeast","$250",0,0,0,0
2206,"Concept","$250",0,1,0,0
2209,"Divider","$238",0,1,0,0
2210,"Teh","$236",0,0,0,0
2210,"Sufleks","$236",0,0,0,0
2212,"Silk","$234",0,0,0,0
2213,"KuMaMoTo","$232",0,0,0,0
2214,"Telas","$231",0,0,0,0
2214,"Nigelf","$231",0,0,0,0
2216,"Moo","$230",0,0,0,0
2217,"F4rg","$226",0,1,3,0
2218,"Azra","$222",1,0,0,0
2219,"MrFreezed","$221",0,0,0,0
2219,"Warizar","$221",0,0,0,0
2221,"Imbi","$206",0,0,0,0
2222,"Akabuff","$200",0,0,0,0
2223,"Powder","$187",0,1,0,0
2224,"cogcog","$184",0,2,0,0
2224,"Rainbrain","$184",0,1,0,0
2226,"Defflok","$183",0,0,1,0
2227,"SeTab","$179",0,0,0,0
2228,"theblindboy","$176",0,0,0,0
2229,"Poby","$173",0,1,0,0
2230,"Jinsh","$168",0,0,1,0
2230,"Awaker","$168",0,1,1,0
2230,"Zerost","$168",1,2,1,0
2233,"MGX","$162",0,0,1,0
2234,"HW4NG","$161",0,1,0,0
2235,"Revenge","$160",0,1,0,0
2235,"Eclipse","$160",0,0,0,0
2237,"Boukada","$150",0,0,1,0
2238,"Titeito","$149",0,0,0,0
2238,"Stankie","$149",0,0,0,0
2240,"Reedfoo","$139",0,0,1,0
2241,"Crit Hero","$137",0,0,0,0
2241,"Soulah","$137",0,0,0,0
2243,"sorahed","$135",0,0,0,0
2244,"breezyyy","$128",0,1,0,0
2245,"Praevius","$118",0,1,1,0
2245,"Crocomux","$118",0,0,0,0
2247,"Skain","$116",0,0,0,0
2247,"Nixerino","$116",0,0,0,0
2249,"Axecitement","$114",0,0,1,0
2249,"BoffeN","$114",0,1,0,0
2251,"Small","$113",0,0,0,0
2251,"Lawi","$113",0,0,0,0
2253,"Infinity","$112",1,0,0,0
2254,"Kortini","$109",0,0,0,0
2254,"Eric","$109",0,0,0,0
2256,"Exyu","$100",0,1,0,0
2257,"Ari","$77",0,0,0,0
2257,"Guigs","$77",0,0,0,0
2259,"Hanor","$74",0,0,0,0
2259,"Yatsu","$74",0,0,0,0
2261,"HongA","$71",0,0,1,0
2261,"Blessing","$71",0,0,1,0
2263,"sLiM5h4dY","$68",0,1,0,0
2264,"Afroboi","$65",0,0,1,0
2265,"WildStars","$59",0,0,0,0
2265,"Typical","$59",0,0,0,0
2265,"Kourosh","$59",0,0,0,0
2268,"TheKat","$54",0,0,0,0
2268,"Saizo","$54",0,0,0,0
2270,"Kio","$46",0,0,0,0
2270,"Mazurr","$46",0,0,0,0
2270,"Unlimited","$46",0,0,0,0
2270,"Pjush","$46",1,0,0,0
2270,"Ravea","$46",1,0,0,0
2270,"Naelynn","$46",1,0,0,0
2276,"Shellkunchik","$42",0,0,0,0
2277,"Follen","$41",0,0,0,0
2278,"VISAO","$39",0,0,0,0
